s1,12.397,399,30176,6e:95:15:c9:34:ac,72:d4:35:9d:b7:6c,,,,,output:4,399,30176
s1,12.391,299,66846,72:d4:35:9d:b7:6c,6e:95:15:c9:34:ac,,,,,output:1,299,66846
s2,12.603,399,30176,6e:95:15:c9:34:ac,72:d4:35:9d:b7:6c,,,,,output:3,399,30176
s2,12.602,299,66846,72:d4:35:9d:b7:6c,6e:95:15:c9:34:ac,,,,,output:5,299,66846
s1,13.956,399,30176,6e:95:15:c9:34:ac,72:d4:35:9d:b7:6c,,,,,output:4,0,0
s1,13.950,299,66846,72:d4:35:9d:b7:6c,6e:95:15:c9:34:ac,,,,,output:1,0,0
s2,14.142,399,30176,6e:95:15:c9:34:ac,72:d4:35:9d:b7:6c,,,,,output:3,0,0
s2,14.141,299,66846,72:d4:35:9d:b7:6c,6e:95:15:c9:34:ac,,,,,output:5,0,0
s1,15.457,399,30176,6e:95:15:c9:34:ac,72:d4:35:9d:b7:6c,,,,,output:4,0,0
s1,15.451,299,66846,72:d4:35:9d:b7:6c,6e:95:15:c9:34:ac,,,,,output:1,0,0
s2,15.654,399,30176,6e:95:15:c9:34:ac,72:d4:35:9d:b7:6c,,,,,output:3,0,0
s2,15.653,299,66846,72:d4:35:9d:b7:6c,6e:95:15:c9:34:ac,,,,,output:5,0,0
s1,17.012,399,30176,6e:95:15:c9:34:ac,72:d4:35:9d:b7:6c,,,,,output:4,0,0
s1,17.006,299,66846,72:d4:35:9d:b7:6c,6e:95:15:c9:34:ac,,,,,output:1,0,0
s2,17.199,399,30176,6e:95:15:c9:34:ac,72:d4:35:9d:b7:6c,,,,,output:3,0,0
s2,17.198,299,66846,72:d4:35:9d:b7:6c,6e:95:15:c9:34:ac,,,,,output:5,0,0
s1,18.532,399,30176,6e:95:15:c9:34:ac,72:d4:35:9d:b7:6c,,,,,output:4,0,0
s1,18.526,299,66846,72:d4:35:9d:b7:6c,6e:95:15:c9:34:ac,,,,,output:1,0,0
s2,18.825,399,30176,6e:95:15:c9:34:ac,72:d4:35:9d:b7:6c,,,,,output:3,0,0
s2,18.824,299,66846,72:d4:35:9d:b7:6c,6e:95:15:c9:34:ac,,,,,output:5,0,0
s1,20.166,399,30176,6e:95:15:c9:34:ac,72:d4:35:9d:b7:6c,,,,,output:4,0,0
s1,20.160,299,66846,72:d4:35:9d:b7:6c,6e:95:15:c9:34:ac,,,,,output:1,0,0
s2,20.355,399,30176,6e:95:15:c9:34:ac,72:d4:35:9d:b7:6c,,,,,output:3,0,0
s2,20.354,299,66846,72:d4:35:9d:b7:6c,6e:95:15:c9:34:ac,,,,,output:5,0,0
s1,21.669,521,39470,6e:95:15:c9:34:ac,72:d4:35:9d:b7:6c,,,,,output:4,122,9294
s1,21.663,386,88814,72:d4:35:9d:b7:6c,6e:95:15:c9:34:ac,,,,,output:1,87,21968
s2,21.845,521,39470,6e:95:15:c9:34:ac,72:d4:35:9d:b7:6c,,,,,output:3,122,9294
s2,21.844,386,88814,72:d4:35:9d:b7:6c,6e:95:15:c9:34:ac,,,,,output:5,87,21968
s1,23.156,749,56726,6e:95:15:c9:34:ac,72:d4:35:9d:b7:6c,,,,,output:4,228,17256
s1,23.150,549,131046,72:d4:35:9d:b7:6c,6e:95:15:c9:34:ac,,,,,output:1,163,42232
s2,23.341,749,56726,6e:95:15:c9:34:ac,72:d4:35:9d:b7:6c,,,,,output:3,228,17256
s2,23.340,549,131046,72:d4:35:9d:b7:6c,6e:95:15:c9:34:ac,,,,,output:5,163,42232
s1,24.679,749,56726,6e:95:15:c9:34:ac,72:d4:35:9d:b7:6c,,,,,output:4,0,0
s1,24.673,549,131046,72:d4:35:9d:b7:6c,6e:95:15:c9:34:ac,,,,,output:1,0,0
s2,24.885,749,56726,6e:95:15:c9:34:ac,72:d4:35:9d:b7:6c,,,,,output:3,0,0
s2,24.884,549,131046,72:d4:35:9d:b7:6c,6e:95:15:c9:34:ac,,,,,output:5,0,0
s1,26.268,749,56726,6e:95:15:c9:34:ac,72:d4:35:9d:b7:6c,,,,,output:4,0,0
s1,26.262,549,131046,72:d4:35:9d:b7:6c,6e:95:15:c9:34:ac,,,,,output:1,0,0
s2,26.466,749,56726,6e:95:15:c9:34:ac,72:d4:35:9d:b7:6c,,,,,output:3,0,0
s2,26.465,549,131046,72:d4:35:9d:b7:6c,6e:95:15:c9:34:ac,,,,,output:5,0,0
s1,27.850,749,56726,6e:95:15:c9:34:ac,72:d4:35:9d:b7:6c,,,,,output:4,0,0
s1,27.844,549,131046,72:d4:35:9d:b7:6c,6e:95:15:c9:34:ac,,,,,output:1,0,0
s2,28.088,749,56726,6e:95:15:c9:34:ac,72:d4:35:9d:b7:6c,,,,,output:3,0,0
s2,28.087,549,131046,72:d4:35:9d:b7:6c,6e:95:15:c9:34:ac,,,,,output:5,0,0
s1,29.485,749,56726,6e:95:15:c9:34:ac,72:d4:35:9d:b7:6c,,,,,output:4,0,0
s1,29.479,549,131046,72:d4:35:9d:b7:6c,6e:95:15:c9:34:ac,,,,,output:1,0,0
s2,29.674,749,56726,6e:95:15:c9:34:ac,72:d4:35:9d:b7:6c,,,,,output:3,0,0
s2,29.673,549,131046,72:d4:35:9d:b7:6c,6e:95:15:c9:34:ac,,,,,output:5,0,0
s1,31.114,749,56726,6e:95:15:c9:34:ac,72:d4:35:9d:b7:6c,,,,,output:4,0,0
s1,31.108,549,131046,72:d4:35:9d:b7:6c,6e:95:15:c9:34:ac,,,,,output:1,0,0
s2,31.326,749,56726,6e:95:15:c9:34:ac,72:d4:35:9d:b7:6c,,,,,output:3,0,0
s2,31.325,549,131046,72:d4:35:9d:b7:6c,6e:95:15:c9:34:ac,,,,,output:5,0,0
s1,32.691,749,56726,6e:95:15:c9:34:ac,72:d4:35:9d:b7:6c,,,,,output:4,0,0
s1,32.685,549,131046,72:d4:35:9d:b7:6c,6e:95:15:c9:34:ac,,,,,output:1,0,0
s2,32.905,749,56726,6e:95:15:c9:34:ac,72:d4:35:9d:b7:6c,,,,,output:3,0,0
s2,32.904,549,131046,72:d4:35:9d:b7:6c,6e:95:15:c9:34:ac,,,,,output:5,0,0
s1,34.283,749,56726,6e:95:15:c9:34:ac,72:d4:35:9d:b7:6c,,,,,output:4,0,0
s1,34.277,549,131046,72:d4:35:9d:b7:6c,6e:95:15:c9:34:ac,,,,,output:1,0,0
s2,34.482,749,56726,6e:95:15:c9:34:ac,72:d4:35:9d:b7:6c,,,,,output:3,0,0
s2,34.481,549,131046,72:d4:35:9d:b7:6c,6e:95:15:c9:34:ac,,,,,output:5,0,0
s1,35.847,1099,83276,6e:95:15:c9:34:ac,72:d4:35:9d:b7:6c,,,,,output:4,350,26550
s1,35.841,799,195246,72:d4:35:9d:b7:6c,6e:95:15:c9:34:ac,,,,,output:1,250,64200
s2,36.038,1099,83276,6e:95:15:c9:34:ac,72:d4:35:9d:b7:6c,,,,,output:3,350,26550
s2,36.037,799,195246,72:d4:35:9d:b7:6c,6e:95:15:c9:34:ac,,,,,output:5,250,64200
s1,37.479,1099,83276,6e:95:15:c9:34:ac,72:d4:35:9d:b7:6c,,,,,output:4,0,0
s1,37.473,799,195246,72:d4:35:9d:b7:6c,6e:95:15:c9:34:ac,,,,,output:1,0,0
s2,37.707,1099,83276,6e:95:15:c9:34:ac,72:d4:35:9d:b7:6c,,,,,output:3,0,0
s2,37.706,799,195246,72:d4:35:9d:b7:6c,6e:95:15:c9:34:ac,,,,,output:5,0,0
s1,39.206,1099,83276,6e:95:15:c9:34:ac,72:d4:35:9d:b7:6c,,,,,output:4,0,0
s1,39.200,799,195246,72:d4:35:9d:b7:6c,6e:95:15:c9:34:ac,,,,,output:1,0,0
s2,39.447,1099,83276,6e:95:15:c9:34:ac,72:d4:35:9d:b7:6c,,,,,output:3,0,0
s2,39.446,799,195246,72:d4:35:9d:b7:6c,6e:95:15:c9:34:ac,,,,,output:5,0,0
s1,40.879,1099,83276,6e:95:15:c9:34:ac,72:d4:35:9d:b7:6c,,,,,output:4,0,0
s1,40.873,799,195246,72:d4:35:9d:b7:6c,6e:95:15:c9:34:ac,,,,,output:1,0,0
s2,41.063,1099,83276,6e:95:15:c9:34:ac,72:d4:35:9d:b7:6c,,,,,output:3,0,0
s2,41.062,799,195246,72:d4:35:9d:b7:6c,6e:95:15:c9:34:ac,,,,,output:5,0,0
s1,42.409,1099,83276,6e:95:15:c9:34:ac,72:d4:35:9d:b7:6c,,,,,output:4,0,0
s1,42.403,799,195246,72:d4:35:9d:b7:6c,6e:95:15:c9:34:ac,,,,,output:1,0,0
s2,42.602,1099,83276,6e:95:15:c9:34:ac,72:d4:35:9d:b7:6c,,,,,output:3,0,0
s2,42.601,799,195246,72:d4:35:9d:b7:6c,6e:95:15:c9:34:ac,,,,,output:5,0,0
s1,44.013,1099,83276,6e:95:15:c9:34:ac,72:d4:35:9d:b7:6c,,,,,output:4,0,0
s1,44.007,799,195246,72:d4:35:9d:b7:6c,6e:95:15:c9:34:ac,,,,,output:1,0,0
s2,44.218,1099,83276,6e:95:15:c9:34:ac,72:d4:35:9d:b7:6c,,,,,output:3,0,0
s2,44.217,799,195246,72:d4:35:9d:b7:6c,6e:95:15:c9:34:ac,,,,,output:5,0,0
s1,45.565,1449,109826,6e:95:15:c9:34:ac,72:d4:35:9d:b7:6c,,,,,output:4,350,26550
s1,45.559,1050,259512,72:d4:35:9d:b7:6c,6e:95:15:c9:34:ac,,,,,output:1,251,64266
s2,45.770,1449,109826,6e:95:15:c9:34:ac,72:d4:35:9d:b7:6c,,,,,output:3,350,26550
s2,45.769,1050,259512,72:d4:35:9d:b7:6c,6e:95:15:c9:34:ac,,,,,output:5,251,64266
s1,47.129,1449,109826,6e:95:15:c9:34:ac,72:d4:35:9d:b7:6c,,,,,output:4,0,0
s1,47.123,1050,259512,72:d4:35:9d:b7:6c,6e:95:15:c9:34:ac,,,,,output:1,0,0
s2,47.317,1449,109826,6e:95:15:c9:34:ac,72:d4:35:9d:b7:6c,,,,,output:3,0,0
s2,47.316,1050,259512,72:d4:35:9d:b7:6c,6e:95:15:c9:34:ac,,,,,output:5,0,0
s1,48.650,1449,109826,6e:95:15:c9:34:ac,72:d4:35:9d:b7:6c,,,,,output:4,0,0
s1,48.644,1050,259512,72:d4:35:9d:b7:6c,6e:95:15:c9:34:ac,,,,,output:1,0,0
s2,48.857,1449,109826,6e:95:15:c9:34:ac,72:d4:35:9d:b7:6c,,,,,output:3,0,0
s2,48.856,1050,259512,72:d4:35:9d:b7:6c,6e:95:15:c9:34:ac,,,,,output:5,0,0
s1,50.210,1799,136376,6e:95:15:c9:34:ac,72:d4:35:9d:b7:6c,,,,,output:4,350,26550
s1,50.204,1300,323712,72:d4:35:9d:b7:6c,6e:95:15:c9:34:ac,,,,,output:1,250,64200
s2,50.414,1799,136376,6e:95:15:c9:34:ac,72:d4:35:9d:b7:6c,,,,,output:3,350,26550
s2,50.413,1300,323712,72:d4:35:9d:b7:6c,6e:95:15:c9:34:ac,,,,,output:5,250,64200
s1,51.769,1799,136376,6e:95:15:c9:34:ac,72:d4:35:9d:b7:6c,,,,,output:4,0,0
s1,51.763,1300,323712,72:d4:35:9d:b7:6c,6e:95:15:c9:34:ac,,,,,output:1,0,0
s2,51.972,1799,136376,6e:95:15:c9:34:ac,72:d4:35:9d:b7:6c,,,,,output:3,0,0
s2,51.971,1300,323712,72:d4:35:9d:b7:6c,6e:95:15:c9:34:ac,,,,,output:5,0,0
s1,53.323,1799,136376,6e:95:15:c9:34:ac,72:d4:35:9d:b7:6c,,,,,output:4,0,0
s1,53.317,1300,323712,72:d4:35:9d:b7:6c,6e:95:15:c9:34:ac,,,,,output:1,0,0
s2,53.528,1799,136376,6e:95:15:c9:34:ac,72:d4:35:9d:b7:6c,,,,,output:3,0,0
s2,53.527,1300,323712,72:d4:35:9d:b7:6c,6e:95:15:c9:34:ac,,,,,output:5,0,0
s1,54.885,1799,136376,6e:95:15:c9:34:ac,72:d4:35:9d:b7:6c,,,,,output:4,0,0
s1,54.879,1300,323712,72:d4:35:9d:b7:6c,6e:95:15:c9:34:ac,,,,,output:1,0,0
s2,55.089,1799,136376,6e:95:15:c9:34:ac,72:d4:35:9d:b7:6c,,,,,output:3,0,0
s2,55.088,1300,323712,72:d4:35:9d:b7:6c,6e:95:15:c9:34:ac,,,,,output:5,0,0
s1,56.429,1876,142217,6e:95:15:c9:34:ac,72:d4:35:9d:b7:6c,,,,,output:4,77,5841
s1,56.423,1355,337836,72:d4:35:9d:b7:6c,6e:95:15:c9:34:ac,,,,,output:1,55,14124
s2,56.613,1911,144872,6e:95:15:c9:34:ac,72:d4:35:9d:b7:6c,,,,,output:3,112,8496
s2,56.612,1380,344256,72:d4:35:9d:b7:6c,6e:95:15:c9:34:ac,,,,,output:5,80,20544
s1,57.958,1981,150182,6e:95:15:c9:34:ac,72:d4:35:9d:b7:6c,,,,,output:4,105,7965
s1,57.952,1430,357096,72:d4:35:9d:b7:6c,6e:95:15:c9:34:ac,,,,,output:1,75,19260
s2,58.148,2015,152771,6e:95:15:c9:34:ac,72:d4:35:9d:b7:6c,,,,,output:3,104,7899
s2,58.147,1456,363582,72:d4:35:9d:b7:6c,6e:95:15:c9:34:ac,,,,,output:5,76,19326
s1,59.588,2085,158081,6e:95:15:c9:34:ac,72:d4:35:9d:b7:6c,,,,,output:4,104,7899
s1,59.582,1506,376422,72:d4:35:9d:b7:6c,6e:95:15:c9:34:ac,,,,,output:1,76,19326
s2,59.757,2119,160670,6e:95:15:c9:34:ac,72:d4:35:9d:b7:6c,,,,,output:3,104,7899
s2,59.756,1532,382908,72:d4:35:9d:b7:6c,6e:95:15:c9:34:ac,,,,,output:5,76,19326
s1,61.090,2147,162794,6e:95:15:c9:34:ac,72:d4:35:9d:b7:6c,,,,,output:4,62,4713
s1,61.084,1552,388044,72:d4:35:9d:b7:6c,6e:95:15:c9:34:ac,,,,,output:1,46,11622
s2,61.275,2147,162794,6e:95:15:c9:34:ac,72:d4:35:9d:b7:6c,,,,,output:3,28,2124
s2,61.274,1552,388044,72:d4:35:9d:b7:6c,6e:95:15:c9:34:ac,,,,,output:5,20,5136
s1,62.609,2147,162794,6e:95:15:c9:34:ac,72:d4:35:9d:b7:6c,,,,,output:4,0,0
s1,62.603,1552,388044,72:d4:35:9d:b7:6c,6e:95:15:c9:34:ac,,,,,output:1,0,0
s2,62.800,2147,162794,6e:95:15:c9:34:ac,72:d4:35:9d:b7:6c,,,,,output:3,0,0
s2,62.799,1552,388044,72:d4:35:9d:b7:6c,6e:95:15:c9:34:ac,,,,,output:5,0,0
s1,64.156,2147,162794,6e:95:15:c9:34:ac,72:d4:35:9d:b7:6c,,,,,output:4,0,0
s1,64.150,1552,388044,72:d4:35:9d:b7:6c,6e:95:15:c9:34:ac,,,,,output:1,0,0
s2,64.359,2147,162794,6e:95:15:c9:34:ac,72:d4:35:9d:b7:6c,,,,,output:3,0,0
s2,64.358,1552,388044,72:d4:35:9d:b7:6c,6e:95:15:c9:34:ac,,,,,output:5,0,0
s1,65.721,2147,162794,6e:95:15:c9:34:ac,72:d4:35:9d:b7:6c,,,,,output:4,0,0
s1,65.715,1552,388044,72:d4:35:9d:b7:6c,6e:95:15:c9:34:ac,,,,,output:1,0,0
s2,65.929,2147,162794,6e:95:15:c9:34:ac,72:d4:35:9d:b7:6c,,,,,output:3,0,0
s2,65.928,1552,388044,72:d4:35:9d:b7:6c,6e:95:15:c9:34:ac,,,,,output:5,0,0
s1,67.285,2147,162794,6e:95:15:c9:34:ac,72:d4:35:9d:b7:6c,,,,,output:4,0,0
s1,67.279,1552,388044,72:d4:35:9d:b7:6c,6e:95:15:c9:34:ac,,,,,output:1,0,0
s2,67.487,2147,162794,6e:95:15:c9:34:ac,72:d4:35:9d:b7:6c,,,,,output:3,0,0
s2,67.486,1552,388044,72:d4:35:9d:b7:6c,6e:95:15:c9:34:ac,,,,,output:5,0,0
s1,68.838,2147,162794,6e:95:15:c9:34:ac,72:d4:35:9d:b7:6c,,,,,output:4,0,0
s1,68.832,1552,388044,72:d4:35:9d:b7:6c,6e:95:15:c9:34:ac,,,,,output:1,0,0
s2,69.028,2147,162794,6e:95:15:c9:34:ac,72:d4:35:9d:b7:6c,,,,,output:3,0,0
s2,69.027,1552,388044,72:d4:35:9d:b7:6c,6e:95:15:c9:34:ac,,,,,output:5,0,0
s1,70.359,2245,170228,6e:95:15:c9:34:ac,72:d4:35:9d:b7:6c,,,,,output:4,98,7434
s1,70.353,1622,406020,72:d4:35:9d:b7:6c,6e:95:15:c9:34:ac,,,,,output:1,70,17976
s2,70.538,2245,170228,6e:95:15:c9:34:ac,72:d4:35:9d:b7:6c,,,,,output:3,98,7434
s2,70.537,1622,406020,72:d4:35:9d:b7:6c,6e:95:15:c9:34:ac,,,,,output:5,70,17976
s1,71.949,2348,178061,6e:95:15:c9:34:ac,72:d4:35:9d:b7:6c,,,,,output:4,103,7833
s1,71.943,1699,425412,72:d4:35:9d:b7:6c,6e:95:15:c9:34:ac,,,,,output:1,77,19392
s2,72.114,2348,178061,6e:95:15:c9:34:ac,72:d4:35:9d:b7:6c,,,,,output:3,103,7833
s2,72.113,1699,425412,72:d4:35:9d:b7:6c,6e:95:15:c9:34:ac,,,,,output:5,77,19392
s1,73.426,2453,186026,6e:95:15:c9:34:ac,72:d4:35:9d:b7:6c,,,,,output:4,105,7965
s1,73.420,1774,444672,72:d4:35:9d:b7:6c,6e:95:15:c9:34:ac,,,,,output:1,75,19260
s2,73.613,2453,186026,6e:95:15:c9:34:ac,72:d4:35:9d:b7:6c,,,,,output:3,105,7965
s2,73.612,1774,444672,72:d4:35:9d:b7:6c,6e:95:15:c9:34:ac,,,,,output:5,75,19260
s1,74.958,2557,193925,6e:95:15:c9:34:ac,72:d4:35:9d:b7:6c,,,,,output:4,104,7899
s1,74.952,1850,463998,72:d4:35:9d:b7:6c,6e:95:15:c9:34:ac,,,,,output:1,76,19326
s2,75.146,2591,196514,6e:95:15:c9:34:ac,72:d4:35:9d:b7:6c,,,,,output:3,138,10488
s2,75.145,1876,470484,72:d4:35:9d:b7:6c,6e:95:15:c9:34:ac,,,,,output:5,102,25812
s1,76.509,2660,201758,6e:95:15:c9:34:ac,72:d4:35:9d:b7:6c,,,,,output:4,103,7833
s1,76.503,1927,483390,72:d4:35:9d:b7:6c,6e:95:15:c9:34:ac,,,,,output:1,77,19392
s2,76.706,2693,204281,6e:95:15:c9:34:ac,72:d4:35:9d:b7:6c,,,,,output:3,102,7767
s2,76.705,1954,489942,72:d4:35:9d:b7:6c,6e:95:15:c9:34:ac,,,,,output:5,78,19458
s1,78.026,2763,209591,6e:95:15:c9:34:ac,72:d4:35:9d:b7:6c,,,,,output:4,103,7833
s1,78.020,2004,502782,72:d4:35:9d:b7:6c,6e:95:15:c9:34:ac,,,,,output:1,77,19392
s2,78.198,2798,212246,6e:95:15:c9:34:ac,72:d4:35:9d:b7:6c,,,,,output:3,105,7965
s2,78.197,2029,509202,72:d4:35:9d:b7:6c,6e:95:15:c9:34:ac,,,,,output:5,75,19260
s1,79.513,2868,217556,6e:95:15:c9:34:ac,72:d4:35:9d:b7:6c,,,,,output:4,105,7965
s1,79.507,2079,522042,72:d4:35:9d:b7:6c,6e:95:15:c9:34:ac,,,,,output:1,75,19260
s2,79.681,2903,220211,6e:95:15:c9:34:ac,72:d4:35:9d:b7:6c,,,,,output:3,105,7965
s2,79.680,2104,528462,72:d4:35:9d:b7:6c,6e:95:15:c9:34:ac,,,,,output:5,75,19260
s1,81.006,2973,225521,6e:95:15:c9:34:ac,72:d4:35:9d:b7:6c,,,,,output:4,105,7965
s1,81,2154,541302,72:d4:35:9d:b7:6c,6e:95:15:c9:34:ac,,,,,output:1,75,19260
s2,81.173,3008,228176,6e:95:15:c9:34:ac,72:d4:35:9d:b7:6c,,,,,output:3,105,7965
s2,81.172,2179,547722,72:d4:35:9d:b7:6c,6e:95:15:c9:34:ac,,,,,output:5,75,19260
s1,82.493,3078,233486,6e:95:15:c9:34:ac,72:d4:35:9d:b7:6c,,,,,output:4,105,7965
s1,82.487,2229,560562,72:d4:35:9d:b7:6c,6e:95:15:c9:34:ac,,,,,output:1,75,19260
s2,82.665,3113,236141,6e:95:15:c9:34:ac,72:d4:35:9d:b7:6c,,,,,output:3,105,7965
s2,82.664,2254,566982,72:d4:35:9d:b7:6c,6e:95:15:c9:34:ac,,,,,output:5,75,19260
s1,83.983,3183,241451,6e:95:15:c9:34:ac,72:d4:35:9d:b7:6c,,,,,output:4,105,7965
s1,83.977,2304,579822,72:d4:35:9d:b7:6c,6e:95:15:c9:34:ac,,,,,output:1,75,19260
s2,84.152,3183,241451,6e:95:15:c9:34:ac,72:d4:35:9d:b7:6c,,,,,output:3,70,5310
s2,84.151,2304,579822,72:d4:35:9d:b7:6c,6e:95:15:c9:34:ac,,,,,output:5,50,12840
s1,85.479,3288,249416,6e:95:15:c9:34:ac,72:d4:35:9d:b7:6c,,,,,output:4,105,7965
s1,85.473,2379,599082,72:d4:35:9d:b7:6c,6e:95:15:c9:34:ac,,,,,output:1,75,19260
s2,85.650,3288,249416,6e:95:15:c9:34:ac,72:d4:35:9d:b7:6c,,,,,output:3,105,7965
s2,85.649,2379,599082,72:d4:35:9d:b7:6c,6e:95:15:c9:34:ac,,,,,output:5,75,19260
s1,86.979,3393,257381,6e:95:15:c9:34:ac,72:d4:35:9d:b7:6c,,,,,output:4,105,7965
s1,86.973,2454,618342,72:d4:35:9d:b7:6c,6e:95:15:c9:34:ac,,,,,output:1,75,19260
s2,87.149,3393,257381,6e:95:15:c9:34:ac,72:d4:35:9d:b7:6c,,,,,output:3,105,7965
s2,87.148,2454,618342,72:d4:35:9d:b7:6c,6e:95:15:c9:34:ac,,,,,output:5,75,19260
s1,88.464,3498,265346,6e:95:15:c9:34:ac,72:d4:35:9d:b7:6c,,,,,output:4,105,7965
s1,88.458,2529,637602,72:d4:35:9d:b7:6c,6e:95:15:c9:34:ac,,,,,output:1,75,19260
s2,88.634,3498,265346,6e:95:15:c9:34:ac,72:d4:35:9d:b7:6c,,,,,output:3,105,7965
s2,88.633,2529,637602,72:d4:35:9d:b7:6c,6e:95:15:c9:34:ac,,,,,output:5,75,19260
s1,89.950,3603,273311,6e:95:15:c9:34:ac,72:d4:35:9d:b7:6c,,,,,output:4,105,7965
s1,89.944,2604,656862,72:d4:35:9d:b7:6c,6e:95:15:c9:34:ac,,,,,output:1,75,19260
s2,90.121,3603,273311,6e:95:15:c9:34:ac,72:d4:35:9d:b7:6c,,,,,output:3,105,7965
s2,90.120,2604,656862,72:d4:35:9d:b7:6c,6e:95:15:c9:34:ac,,,,,output:5,75,19260
s1,91.451,3708,281276,6e:95:15:c9:34:ac,72:d4:35:9d:b7:6c,,,,,output:4,105,7965
s1,91.445,2679,676122,72:d4:35:9d:b7:6c,6e:95:15:c9:34:ac,,,,,output:1,75,19260
s2,91.624,3708,281276,6e:95:15:c9:34:ac,72:d4:35:9d:b7:6c,,,,,output:3,105,7965
s2,91.623,2679,676122,72:d4:35:9d:b7:6c,6e:95:15:c9:34:ac,,,,,output:5,75,19260
s1,92.942,3812,289175,6e:95:15:c9:34:ac,72:d4:35:9d:b7:6c,,,,,output:4,104,7899
s1,92.936,2755,695448,72:d4:35:9d:b7:6c,6e:95:15:c9:34:ac,,,,,output:1,76,19326
s2,93.119,3812,289175,6e:95:15:c9:34:ac,72:d4:35:9d:b7:6c,,,,,output:3,104,7899
s2,93.118,2755,695448,72:d4:35:9d:b7:6c,6e:95:15:c9:34:ac,,,,,output:5,76,19326
s1,94.440,3924,297671,6e:95:15:c9:34:ac,72:d4:35:9d:b7:6c,,,,,output:4,112,8496
s1,94.434,2835,715992,72:d4:35:9d:b7:6c,6e:95:15:c9:34:ac,,,,,output:1,80,20544
s2,94.624,3924,297671,6e:95:15:c9:34:ac,72:d4:35:9d:b7:6c,,,,,output:3,112,8496
s2,94.623,2835,715992,72:d4:35:9d:b7:6c,6e:95:15:c9:34:ac,,,,,output:5,80,20544
s1,95.978,4029,305636,6e:95:15:c9:34:ac,72:d4:35:9d:b7:6c,,,,,output:4,105,7965
s1,95.972,2910,735252,72:d4:35:9d:b7:6c,6e:95:15:c9:34:ac,,,,,output:1,75,19260
s2,96.154,4029,305636,6e:95:15:c9:34:ac,72:d4:35:9d:b7:6c,,,,,output:3,105,7965
s2,96.153,2910,735252,72:d4:35:9d:b7:6c,6e:95:15:c9:34:ac,,,,,output:5,75,19260
s1,97.473,4134,313601,6e:95:15:c9:34:ac,72:d4:35:9d:b7:6c,,,,,output:4,105,7965
s1,97.467,2985,754512,72:d4:35:9d:b7:6c,6e:95:15:c9:34:ac,,,,,output:1,75,19260
s2,97.647,4134,313601,6e:95:15:c9:34:ac,72:d4:35:9d:b7:6c,,,,,output:3,105,7965
s2,97.646,2985,754512,72:d4:35:9d:b7:6c,6e:95:15:c9:34:ac,,,,,output:5,75,19260
s1,98.969,4239,321566,6e:95:15:c9:34:ac,72:d4:35:9d:b7:6c,,,,,output:4,105,7965
s1,98.963,3060,773772,72:d4:35:9d:b7:6c,6e:95:15:c9:34:ac,,,,,output:1,75,19260
s2,99.137,4239,321566,6e:95:15:c9:34:ac,72:d4:35:9d:b7:6c,,,,,output:3,105,7965
s2,99.136,3060,773772,72:d4:35:9d:b7:6c,6e:95:15:c9:34:ac,,,,,output:5,75,19260
s1,100.455,4344,329531,6e:95:15:c9:34:ac,72:d4:35:9d:b7:6c,,,,,output:4,105,7965
s1,100.449,3135,793032,72:d4:35:9d:b7:6c,6e:95:15:c9:34:ac,,,,,output:1,75,19260
s2,100.624,4344,329531,6e:95:15:c9:34:ac,72:d4:35:9d:b7:6c,,,,,output:3,105,7965
s2,100.623,3135,793032,72:d4:35:9d:b7:6c,6e:95:15:c9:34:ac,,,,,output:5,75,19260
s1,101.939,4449,337496,6e:95:15:c9:34:ac,72:d4:35:9d:b7:6c,,,,,output:4,105,7965
s1,101.933,3210,812292,72:d4:35:9d:b7:6c,6e:95:15:c9:34:ac,,,,,output:1,75,19260
s2,102.106,4449,337496,6e:95:15:c9:34:ac,72:d4:35:9d:b7:6c,,,,,output:3,105,7965
s2,102.105,3210,812292,72:d4:35:9d:b7:6c,6e:95:15:c9:34:ac,,,,,output:5,75,19260
s1,103.430,4554,345461,6e:95:15:c9:34:ac,72:d4:35:9d:b7:6c,,,,,output:4,105,7965
s1,103.424,3285,831552,72:d4:35:9d:b7:6c,6e:95:15:c9:34:ac,,,,,output:1,75,19260
s2,103.602,4554,345461,6e:95:15:c9:34:ac,72:d4:35:9d:b7:6c,,,,,output:3,105,7965
s2,103.601,3285,831552,72:d4:35:9d:b7:6c,6e:95:15:c9:34:ac,,,,,output:5,75,19260
s1,104.930,4659,353426,6e:95:15:c9:34:ac,72:d4:35:9d:b7:6c,,,,,output:4,105,7965
s1,104.924,3360,850812,72:d4:35:9d:b7:6c,6e:95:15:c9:34:ac,,,,,output:1,75,19260
s2,105.096,4659,353426,6e:95:15:c9:34:ac,72:d4:35:9d:b7:6c,,,,,output:3,105,7965
s2,105.095,3360,850812,72:d4:35:9d:b7:6c,6e:95:15:c9:34:ac,,,,,output:5,75,19260
s1,106.413,4764,361391,6e:95:15:c9:34:ac,72:d4:35:9d:b7:6c,,,,,output:4,105,7965
s1,106.407,3435,870072,72:d4:35:9d:b7:6c,6e:95:15:c9:34:ac,,,,,output:1,75,19260
s2,106.581,4764,361391,6e:95:15:c9:34:ac,72:d4:35:9d:b7:6c,,,,,output:3,105,7965
s2,106.580,3435,870072,72:d4:35:9d:b7:6c,6e:95:15:c9:34:ac,,,,,output:5,75,19260
s1,107.901,4869,369356,6e:95:15:c9:34:ac,72:d4:35:9d:b7:6c,,,,,output:4,105,7965
s1,107.895,3510,889332,72:d4:35:9d:b7:6c,6e:95:15:c9:34:ac,,,,,output:1,75,19260
s2,108.067,4869,369356,6e:95:15:c9:34:ac,72:d4:35:9d:b7:6c,,,,,output:3,105,7965
s2,108.066,3510,889332,72:d4:35:9d:b7:6c,6e:95:15:c9:34:ac,,,,,output:5,75,19260
s1,109.381,4974,377321,6e:95:15:c9:34:ac,72:d4:35:9d:b7:6c,,,,,output:4,105,7965
s1,109.375,3585,908592,72:d4:35:9d:b7:6c,6e:95:15:c9:34:ac,,,,,output:1,75,19260
s2,109.548,4974,377321,6e:95:15:c9:34:ac,72:d4:35:9d:b7:6c,,,,,output:3,105,7965
s2,109.547,3585,908592,72:d4:35:9d:b7:6c,6e:95:15:c9:34:ac,,,,,output:5,75,19260
s1,110.862,5079,385286,6e:95:15:c9:34:ac,72:d4:35:9d:b7:6c,,,,,output:4,105,7965
s1,110.856,3660,927852,72:d4:35:9d:b7:6c,6e:95:15:c9:34:ac,,,,,output:1,75,19260
s2,111.031,5079,385286,6e:95:15:c9:34:ac,72:d4:35:9d:b7:6c,,,,,output:3,105,7965
s2,111.030,3660,927852,72:d4:35:9d:b7:6c,6e:95:15:c9:34:ac,,,,,output:5,75,19260
s1,112.351,5184,393251,6e:95:15:c9:34:ac,72:d4:35:9d:b7:6c,,,,,output:4,105,7965
s1,112.345,3735,947112,72:d4:35:9d:b7:6c,6e:95:15:c9:34:ac,,,,,output:1,75,19260
s2,112.517,5184,393251,6e:95:15:c9:34:ac,72:d4:35:9d:b7:6c,,,,,output:3,105,7965
s2,112.516,3735,947112,72:d4:35:9d:b7:6c,6e:95:15:c9:34:ac,,,,,output:5,75,19260
s1,113.840,5289,401216,6e:95:15:c9:34:ac,72:d4:35:9d:b7:6c,,,,,output:4,105,7965
s1,113.834,3810,966372,72:d4:35:9d:b7:6c,6e:95:15:c9:34:ac,,,,,output:1,75,19260
s2,114.016,5289,401216,6e:95:15:c9:34:ac,72:d4:35:9d:b7:6c,,,,,output:3,105,7965
s2,114.015,3810,966372,72:d4:35:9d:b7:6c,6e:95:15:c9:34:ac,,,,,output:5,75,19260
s1,115.442,5394,409181,6e:95:15:c9:34:ac,72:d4:35:9d:b7:6c,,,,,output:4,105,7965
s1,115.436,3885,985632,72:d4:35:9d:b7:6c,6e:95:15:c9:34:ac,,,,,output:1,75,19260
s2,115.616,5394,409181,6e:95:15:c9:34:ac,72:d4:35:9d:b7:6c,,,,,output:3,105,7965
s2,115.615,3885,985632,72:d4:35:9d:b7:6c,6e:95:15:c9:34:ac,,,,,output:5,75,19260
s1,117.008,5499,417146,6e:95:15:c9:34:ac,72:d4:35:9d:b7:6c,,,,,output:4,105,7965
s1,117.002,3960,1004892,72:d4:35:9d:b7:6c,6e:95:15:c9:34:ac,,,,,output:1,75,19260
s2,117.174,5499,417146,6e:95:15:c9:34:ac,72:d4:35:9d:b7:6c,,,,,output:3,105,7965
s2,117.173,3960,1004892,72:d4:35:9d:b7:6c,6e:95:15:c9:34:ac,,,,,output:5,75,19260
s1,118.501,5604,425111,6e:95:15:c9:34:ac,72:d4:35:9d:b7:6c,,,,,output:4,105,7965
s1,118.495,4035,1024152,72:d4:35:9d:b7:6c,6e:95:15:c9:34:ac,,,,,output:1,75,19260
s2,118.668,5604,425111,6e:95:15:c9:34:ac,72:d4:35:9d:b7:6c,,,,,output:3,105,7965
s2,118.667,4035,1024152,72:d4:35:9d:b7:6c,6e:95:15:c9:34:ac,,,,,output:5,75,19260
s1,120.003,5639,427766,6e:95:15:c9:34:ac,72:d4:35:9d:b7:6c,,,,,output:4,35,2655
s1,119.997,4060,1030572,72:d4:35:9d:b7:6c,6e:95:15:c9:34:ac,,,,,output:1,25,6420
s2,120.188,5639,427766,6e:95:15:c9:34:ac,72:d4:35:9d:b7:6c,,,,,output:3,35,2655
s2,120.187,4060,1030572,72:d4:35:9d:b7:6c,6e:95:15:c9:34:ac,,,,,output:5,25,6420
s1,121.520,5639,427766,6e:95:15:c9:34:ac,72:d4:35:9d:b7:6c,,,,,output:4,0,0
s1,121.514,4060,1030572,72:d4:35:9d:b7:6c,6e:95:15:c9:34:ac,,,,,output:1,0,0
s2,121.705,5639,427766,6e:95:15:c9:34:ac,72:d4:35:9d:b7:6c,,,,,output:3,0,0
s2,121.704,4060,1030572,72:d4:35:9d:b7:6c,6e:95:15:c9:34:ac,,,,,output:5,0,0
s1,123.035,5639,427766,6e:95:15:c9:34:ac,72:d4:35:9d:b7:6c,,,,,output:4,0,0
s1,123.029,4060,1030572,72:d4:35:9d:b7:6c,6e:95:15:c9:34:ac,,,,,output:1,0,0
s2,123.219,5639,427766,6e:95:15:c9:34:ac,72:d4:35:9d:b7:6c,,,,,output:3,0,0
s2,123.218,4060,1030572,72:d4:35:9d:b7:6c,6e:95:15:c9:34:ac,,,,,output:5,0,0
s1,124.581,5639,427766,6e:95:15:c9:34:ac,72:d4:35:9d:b7:6c,,,,,output:4,0,0
s1,124.575,4060,1030572,72:d4:35:9d:b7:6c,6e:95:15:c9:34:ac,,,,,output:1,0,0
s2,124.780,5639,427766,6e:95:15:c9:34:ac,72:d4:35:9d:b7:6c,,,,,output:3,0,0
s2,124.779,4060,1030572,72:d4:35:9d:b7:6c,6e:95:15:c9:34:ac,,,,,output:5,0,0
s1,126.124,5639,427766,6e:95:15:c9:34:ac,72:d4:35:9d:b7:6c,,,,,output:4,0,0
s1,126.118,4060,1030572,72:d4:35:9d:b7:6c,6e:95:15:c9:34:ac,,,,,output:1,0,0
s2,126.317,5639,427766,6e:95:15:c9:34:ac,72:d4:35:9d:b7:6c,,,,,output:3,0,0
s2,126.316,4060,1030572,72:d4:35:9d:b7:6c,6e:95:15:c9:34:ac,,,,,output:5,0,0
s1,127.685,5639,427766,6e:95:15:c9:34:ac,72:d4:35:9d:b7:6c,,,,,output:4,0,0
s1,127.679,4060,1030572,72:d4:35:9d:b7:6c,6e:95:15:c9:34:ac,,,,,output:1,0,0
s2,127.889,5639,427766,6e:95:15:c9:34:ac,72:d4:35:9d:b7:6c,,,,,output:3,0,0
s2,127.888,4060,1030572,72:d4:35:9d:b7:6c,6e:95:15:c9:34:ac,,,,,output:5,0,0
s1,129.245,5639,427766,6e:95:15:c9:34:ac,72:d4:35:9d:b7:6c,,,,,output:4,0,0
s1,129.239,4060,1030572,72:d4:35:9d:b7:6c,6e:95:15:c9:34:ac,,,,,output:1,0,0
s2,129.449,5639,427766,6e:95:15:c9:34:ac,72:d4:35:9d:b7:6c,,,,,output:3,0,0
s2,129.448,4060,1030572,72:d4:35:9d:b7:6c,6e:95:15:c9:34:ac,,,,,output:5,0,0
s1,130.802,5639,427766,6e:95:15:c9:34:ac,72:d4:35:9d:b7:6c,,,,,output:4,0,0
s1,130.796,4060,1030572,72:d4:35:9d:b7:6c,6e:95:15:c9:34:ac,,,,,output:1,0,0
s2,131.013,5639,427766,6e:95:15:c9:34:ac,72:d4:35:9d:b7:6c,,,,,output:3,0,0
s2,131.012,4060,1030572,72:d4:35:9d:b7:6c,6e:95:15:c9:34:ac,,,,,output:5,0,0
s1,132.366,5639,427766,6e:95:15:c9:34:ac,72:d4:35:9d:b7:6c,,,,,output:4,0,0
s1,132.360,4060,1030572,72:d4:35:9d:b7:6c,6e:95:15:c9:34:ac,,,,,output:1,0,0
s2,132.569,5639,427766,6e:95:15:c9:34:ac,72:d4:35:9d:b7:6c,,,,,output:3,0,0
s2,132.568,4060,1030572,72:d4:35:9d:b7:6c,6e:95:15:c9:34:ac,,,,,output:5,0,0
s1,133.924,5681,430952,6e:95:15:c9:34:ac,72:d4:35:9d:b7:6c,,,,,output:4,42,3186
s1,133.918,4090,1038276,72:d4:35:9d:b7:6c,6e:95:15:c9:34:ac,,,,,output:1,30,7704
s2,134.111,5681,430952,6e:95:15:c9:34:ac,72:d4:35:9d:b7:6c,,,,,output:3,42,3186
s2,134.110,4090,1038276,72:d4:35:9d:b7:6c,6e:95:15:c9:34:ac,,,,,output:5,30,7704
s1,135.443,5786,438917,6e:95:15:c9:34:ac,72:d4:35:9d:b7:6c,,,,,output:4,105,7965
s1,135.437,4165,1057536,72:d4:35:9d:b7:6c,6e:95:15:c9:34:ac,,,,,output:1,75,19260
s2,135.682,5786,438917,6e:95:15:c9:34:ac,72:d4:35:9d:b7:6c,,,,,output:3,105,7965
s2,135.681,4165,1057536,72:d4:35:9d:b7:6c,6e:95:15:c9:34:ac,,,,,output:5,75,19260
s1,137.073,5891,446882,6e:95:15:c9:34:ac,72:d4:35:9d:b7:6c,,,,,output:4,105,7965
s1,137.067,4240,1076796,72:d4:35:9d:b7:6c,6e:95:15:c9:34:ac,,,,,output:1,75,19260
s2,137.284,5926,449537,6e:95:15:c9:34:ac,72:d4:35:9d:b7:6c,,,,,output:3,140,10620
s2,137.283,4265,1083216,72:d4:35:9d:b7:6c,6e:95:15:c9:34:ac,,,,,output:5,100,25680
s1,138.664,5996,454847,6e:95:15:c9:34:ac,72:d4:35:9d:b7:6c,,,,,output:4,105,7965
s1,138.658,4315,1096056,72:d4:35:9d:b7:6c,6e:95:15:c9:34:ac,,,,,output:1,75,19260
s2,138.865,6031,457502,6e:95:15:c9:34:ac,72:d4:35:9d:b7:6c,,,,,output:3,105,7965
s2,138.864,4340,1102476,72:d4:35:9d:b7:6c,6e:95:15:c9:34:ac,,,,,output:5,75,19260
s1,140.290,6136,465467,6e:95:15:c9:34:ac,72:d4:35:9d:b7:6c,,,,,output:4,140,10620
s1,140.284,4415,1121736,72:d4:35:9d:b7:6c,6e:95:15:c9:34:ac,,,,,output:1,100,25680
s2,140.489,6136,465467,6e:95:15:c9:34:ac,72:d4:35:9d:b7:6c,,,,,output:3,105,7965
s2,140.488,4415,1121736,72:d4:35:9d:b7:6c,6e:95:15:c9:34:ac,,,,,output:5,75,19260
s1,141.923,6241,473432,6e:95:15:c9:34:ac,72:d4:35:9d:b7:6c,,,,,output:4,105,7965
s1,141.917,4490,1140996,72:d4:35:9d:b7:6c,6e:95:15:c9:34:ac,,,,,output:1,75,19260
s2,142.119,6241,473432,6e:95:15:c9:34:ac,72:d4:35:9d:b7:6c,,,,,output:3,105,7965
s2,142.118,4490,1140996,72:d4:35:9d:b7:6c,6e:95:15:c9:34:ac,,,,,output:5,75,19260
s1,143.464,6346,481397,6e:95:15:c9:34:ac,72:d4:35:9d:b7:6c,,,,,output:4,105,7965
s1,143.458,4566,1160322,72:d4:35:9d:b7:6c,6e:95:15:c9:34:ac,,,,,output:1,76,19326
s2,143.691,6346,481397,6e:95:15:c9:34:ac,72:d4:35:9d:b7:6c,,,,,output:3,105,7965
s2,143.690,4566,1160322,72:d4:35:9d:b7:6c,6e:95:15:c9:34:ac,,,,,output:5,76,19326
s1,145.019,6451,489362,6e:95:15:c9:34:ac,72:d4:35:9d:b7:6c,,,,,output:4,105,7965
s1,145.013,4641,1179582,72:d4:35:9d:b7:6c,6e:95:15:c9:34:ac,,,,,output:1,75,19260
s2,145.216,6451,489362,6e:95:15:c9:34:ac,72:d4:35:9d:b7:6c,,,,,output:3,105,7965
s2,145.215,4641,1179582,72:d4:35:9d:b7:6c,6e:95:15:c9:34:ac,,,,,output:5,75,19260
s1,146.549,6556,497327,6e:95:15:c9:34:ac,72:d4:35:9d:b7:6c,,,,,output:4,105,7965
s1,146.543,4716,1198842,72:d4:35:9d:b7:6c,6e:95:15:c9:34:ac,,,,,output:1,75,19260
s2,146.722,6556,497327,6e:95:15:c9:34:ac,72:d4:35:9d:b7:6c,,,,,output:3,105,7965
s2,146.721,4716,1198842,72:d4:35:9d:b7:6c,6e:95:15:c9:34:ac,,,,,output:5,75,19260
s1,148.039,6661,505292,6e:95:15:c9:34:ac,72:d4:35:9d:b7:6c,,,,,output:4,105,7965
s1,148.033,4791,1218102,72:d4:35:9d:b7:6c,6e:95:15:c9:34:ac,,,,,output:1,75,19260
s2,148.231,6661,505292,6e:95:15:c9:34:ac,72:d4:35:9d:b7:6c,,,,,output:3,105,7965
s2,148.230,4791,1218102,72:d4:35:9d:b7:6c,6e:95:15:c9:34:ac,,,,,output:5,75,19260
s1,149.575,6764,513125,6e:95:15:c9:34:ac,72:d4:35:9d:b7:6c,,,,,output:4,103,7833
s1,149.569,4868,1237494,72:d4:35:9d:b7:6c,6e:95:15:c9:34:ac,,,,,output:1,77,19392
s2,149.755,6764,513125,6e:95:15:c9:34:ac,72:d4:35:9d:b7:6c,,,,,output:3,103,7833
s2,149.754,4868,1237494,72:d4:35:9d:b7:6c,6e:95:15:c9:34:ac,,,,,output:5,77,19392
s1,151.088,6868,521024,6e:95:15:c9:34:ac,72:d4:35:9d:b7:6c,,,,,output:4,104,7899
s1,151.082,4944,1256820,72:d4:35:9d:b7:6c,6e:95:15:c9:34:ac,,,,,output:1,76,19326
s2,151.268,6868,521024,6e:95:15:c9:34:ac,72:d4:35:9d:b7:6c,,,,,output:3,104,7899
s2,151.267,4944,1256820,72:d4:35:9d:b7:6c,6e:95:15:c9:34:ac,,,,,output:5,76,19326
s1,152.586,6971,528857,6e:95:15:c9:34:ac,72:d4:35:9d:b7:6c,,,,,output:4,103,7833
s1,152.580,5021,1276212,72:d4:35:9d:b7:6c,6e:95:15:c9:34:ac,,,,,output:1,77,19392
s2,152.775,6971,528857,6e:95:15:c9:34:ac,72:d4:35:9d:b7:6c,,,,,output:3,103,7833
s2,152.774,5021,1276212,72:d4:35:9d:b7:6c,6e:95:15:c9:34:ac,,,,,output:5,77,19392
s1,154.111,7076,536822,6e:95:15:c9:34:ac,72:d4:35:9d:b7:6c,,,,,output:4,105,7965
s1,154.105,5096,1295472,72:d4:35:9d:b7:6c,6e:95:15:c9:34:ac,,,,,output:1,75,19260
s2,154.280,7076,536822,6e:95:15:c9:34:ac,72:d4:35:9d:b7:6c,,,,,output:3,105,7965
s2,154.279,5096,1295472,72:d4:35:9d:b7:6c,6e:95:15:c9:34:ac,,,,,output:5,75,19260
s1,155.585,7181,544787,6e:95:15:c9:34:ac,72:d4:35:9d:b7:6c,,,,,output:4,105,7965
s1,155.579,5171,1314732,72:d4:35:9d:b7:6c,6e:95:15:c9:34:ac,,,,,output:1,75,19260
s2,155.762,7181,544787,6e:95:15:c9:34:ac,72:d4:35:9d:b7:6c,,,,,output:3,105,7965
s2,155.761,5171,1314732,72:d4:35:9d:b7:6c,6e:95:15:c9:34:ac,,,,,output:5,75,19260
s1,157.074,7286,552752,6e:95:15:c9:34:ac,72:d4:35:9d:b7:6c,,,,,output:4,105,7965
s1,157.068,5246,1333992,72:d4:35:9d:b7:6c,6e:95:15:c9:34:ac,,,,,output:1,75,19260
s2,157.271,7286,552752,6e:95:15:c9:34:ac,72:d4:35:9d:b7:6c,,,,,output:3,105,7965
s2,157.270,5246,1333992,72:d4:35:9d:b7:6c,6e:95:15:c9:34:ac,,,,,output:5,75,19260
s1,158.650,7389,560585,6e:95:15:c9:34:ac,72:d4:35:9d:b7:6c,,,,,output:4,103,7833
s1,158.644,5324,1353450,72:d4:35:9d:b7:6c,6e:95:15:c9:34:ac,,,,,output:1,78,19458
s2,158.817,7424,563240,6e:95:15:c9:34:ac,72:d4:35:9d:b7:6c,,,,,output:3,138,10488
s2,158.816,5349,1359870,72:d4:35:9d:b7:6c,6e:95:15:c9:34:ac,,,,,output:5,103,25878
s1,160.115,7494,568550,6e:95:15:c9:34:ac,72:d4:35:9d:b7:6c,,,,,output:4,105,7965
s1,160.109,5399,1372710,72:d4:35:9d:b7:6c,6e:95:15:c9:34:ac,,,,,output:1,75,19260
s2,160.289,7494,568550,6e:95:15:c9:34:ac,72:d4:35:9d:b7:6c,,,,,output:3,70,5310
s2,160.288,5399,1372710,72:d4:35:9d:b7:6c,6e:95:15:c9:34:ac,,,,,output:5,50,12840
s1,161.598,7598,576449,6e:95:15:c9:34:ac,72:d4:35:9d:b7:6c,,,,,output:4,104,7899
s1,161.592,5476,1392102,72:d4:35:9d:b7:6c,6e:95:15:c9:34:ac,,,,,output:1,77,19392
s2,161.798,7598,576449,6e:95:15:c9:34:ac,72:d4:35:9d:b7:6c,,,,,output:3,104,7899
s2,161.797,5476,1392102,72:d4:35:9d:b7:6c,6e:95:15:c9:34:ac,,,,,output:5,77,19392
s1,163.171,7702,584348,6e:95:15:c9:34:ac,72:d4:35:9d:b7:6c,,,,,output:4,104,7899
s1,163.165,5552,1411428,72:d4:35:9d:b7:6c,6e:95:15:c9:34:ac,,,,,output:1,76,19326
s2,163.361,7737,587003,6e:95:15:c9:34:ac,72:d4:35:9d:b7:6c,,,,,output:3,139,10554
s2,163.360,5577,1417848,72:d4:35:9d:b7:6c,6e:95:15:c9:34:ac,,,,,output:5,101,25746
s1,164.705,7807,592313,6e:95:15:c9:34:ac,72:d4:35:9d:b7:6c,,,,,output:4,105,7965
s1,164.699,5627,1430688,72:d4:35:9d:b7:6c,6e:95:15:c9:34:ac,,,,,output:1,75,19260
s2,164.871,7842,594968,6e:95:15:c9:34:ac,72:d4:35:9d:b7:6c,,,,,output:3,105,7965
s2,164.870,5652,1437108,72:d4:35:9d:b7:6c,6e:95:15:c9:34:ac,,,,,output:5,75,19260
s1,166.178,7912,600278,6e:95:15:c9:34:ac,72:d4:35:9d:b7:6c,,,,,output:4,105,7965
s1,166.172,5702,1449948,72:d4:35:9d:b7:6c,6e:95:15:c9:34:ac,,,,,output:1,75,19260
s2,166.355,7947,602933,6e:95:15:c9:34:ac,72:d4:35:9d:b7:6c,,,,,output:3,105,7965
s2,166.354,5727,1456368,72:d4:35:9d:b7:6c,6e:95:15:c9:34:ac,,,,,output:5,75,19260
s1,167.705,8017,608243,6e:95:15:c9:34:ac,72:d4:35:9d:b7:6c,,,,,output:4,105,7965
s1,167.699,5777,1469208,72:d4:35:9d:b7:6c,6e:95:15:c9:34:ac,,,,,output:1,75,19260
s2,167.893,8052,610898,6e:95:15:c9:34:ac,72:d4:35:9d:b7:6c,,,,,output:3,105,7965
s2,167.892,5802,1475628,72:d4:35:9d:b7:6c,6e:95:15:c9:34:ac,,,,,output:5,75,19260
s1,169.240,8122,616208,6e:95:15:c9:34:ac,72:d4:35:9d:b7:6c,,,,,output:4,105,7965
s1,169.234,5852,1488468,72:d4:35:9d:b7:6c,6e:95:15:c9:34:ac,,,,,output:1,75,19260
s2,169.419,8157,618863,6e:95:15:c9:34:ac,72:d4:35:9d:b7:6c,,,,,output:3,105,7965
s2,169.418,5877,1494888,72:d4:35:9d:b7:6c,6e:95:15:c9:34:ac,,,,,output:5,75,19260
s1,170.822,8227,624173,6e:95:15:c9:34:ac,72:d4:35:9d:b7:6c,,,,,output:4,105,7965
s1,170.816,5927,1507728,72:d4:35:9d:b7:6c,6e:95:15:c9:34:ac,,,,,output:1,75,19260
s2,171.019,8262,626828,6e:95:15:c9:34:ac,72:d4:35:9d:b7:6c,,,,,output:3,105,7965
s2,171.018,5952,1514148,72:d4:35:9d:b7:6c,6e:95:15:c9:34:ac,,,,,output:5,75,19260
s1,172.354,8367,634793,6e:95:15:c9:34:ac,72:d4:35:9d:b7:6c,,,,,output:4,140,10620
s1,172.348,6027,1533408,72:d4:35:9d:b7:6c,6e:95:15:c9:34:ac,,,,,output:1,100,25680
s2,172.525,8367,634793,6e:95:15:c9:34:ac,72:d4:35:9d:b7:6c,,,,,output:3,105,7965
s2,172.524,6027,1533408,72:d4:35:9d:b7:6c,6e:95:15:c9:34:ac,,,,,output:5,75,19260
s1,173.832,8437,640103,6e:95:15:c9:34:ac,72:d4:35:9d:b7:6c,,,,,output:4,70,5310
s1,173.826,6077,1546248,72:d4:35:9d:b7:6c,6e:95:15:c9:34:ac,,,,,output:1,50,12840
s2,173.998,8472,642758,6e:95:15:c9:34:ac,72:d4:35:9d:b7:6c,,,,,output:3,105,7965
s2,173.997,6102,1552668,72:d4:35:9d:b7:6c,6e:95:15:c9:34:ac,,,,,output:5,75,19260
s1,175.296,8542,648068,6e:95:15:c9:34:ac,72:d4:35:9d:b7:6c,,,,,output:4,105,7965
s1,175.290,6152,1565508,72:d4:35:9d:b7:6c,6e:95:15:c9:34:ac,,,,,output:1,75,19260
s2,175.460,8577,650723,6e:95:15:c9:34:ac,72:d4:35:9d:b7:6c,,,,,output:3,105,7965
s2,175.459,6177,1571928,72:d4:35:9d:b7:6c,6e:95:15:c9:34:ac,,,,,output:5,75,19260
s1,176.770,8647,656033,6e:95:15:c9:34:ac,72:d4:35:9d:b7:6c,,,,,output:4,105,7965
s1,176.764,6227,1584768,72:d4:35:9d:b7:6c,6e:95:15:c9:34:ac,,,,,output:1,75,19260
s2,176.975,8682,658688,6e:95:15:c9:34:ac,72:d4:35:9d:b7:6c,,,,,output:3,105,7965
s2,176.974,6252,1591188,72:d4:35:9d:b7:6c,6e:95:15:c9:34:ac,,,,,output:5,75,19260
s1,178.339,8752,663998,6e:95:15:c9:34:ac,72:d4:35:9d:b7:6c,,,,,output:4,105,7965
s1,178.333,6302,1604028,72:d4:35:9d:b7:6c,6e:95:15:c9:34:ac,,,,,output:1,75,19260
s2,178.504,8787,666653,6e:95:15:c9:34:ac,72:d4:35:9d:b7:6c,,,,,output:3,105,7965
s2,178.503,6327,1610448,72:d4:35:9d:b7:6c,6e:95:15:c9:34:ac,,,,,output:5,75,19260
s1,179.809,8857,671963,6e:95:15:c9:34:ac,72:d4:35:9d:b7:6c,,,,,output:4,105,7965
s1,179.803,6377,1623288,72:d4:35:9d:b7:6c,6e:95:15:c9:34:ac,,,,,output:1,75,19260
s2,179.989,8892,674618,6e:95:15:c9:34:ac,72:d4:35:9d:b7:6c,,,,,output:3,105,7965
s2,179.988,6402,1629708,72:d4:35:9d:b7:6c,6e:95:15:c9:34:ac,,,,,output:5,75,19260
s1,181.288,8962,679928,6e:95:15:c9:34:ac,72:d4:35:9d:b7:6c,,,,,output:4,105,7965
s1,181.282,6452,1642548,72:d4:35:9d:b7:6c,6e:95:15:c9:34:ac,,,,,output:1,75,19260
s2,181.458,8997,682583,6e:95:15:c9:34:ac,72:d4:35:9d:b7:6c,,,,,output:3,105,7965
s2,181.457,6477,1648968,72:d4:35:9d:b7:6c,6e:95:15:c9:34:ac,,,,,output:5,75,19260
s1,182.766,9067,687893,6e:95:15:c9:34:ac,72:d4:35:9d:b7:6c,,,,,output:4,105,7965
s1,182.760,6527,1661808,72:d4:35:9d:b7:6c,6e:95:15:c9:34:ac,,,,,output:1,75,19260
s2,182.939,9102,690548,6e:95:15:c9:34:ac,72:d4:35:9d:b7:6c,,,,,output:3,105,7965
s2,182.938,6552,1668228,72:d4:35:9d:b7:6c,6e:95:15:c9:34:ac,,,,,output:5,75,19260
s1,184.251,9130,692672,6e:95:15:c9:34:ac,72:d4:35:9d:b7:6c,,,,,output:4,63,4779
s1,184.245,6572,1673364,72:d4:35:9d:b7:6c,6e:95:15:c9:34:ac,,,,,output:1,45,11556
s2,184.437,9130,692672,6e:95:15:c9:34:ac,72:d4:35:9d:b7:6c,,,,,output:3,28,2124
s2,184.436,6572,1673364,72:d4:35:9d:b7:6c,6e:95:15:c9:34:ac,,,,,output:5,20,5136
s1,185.762,9130,692672,6e:95:15:c9:34:ac,72:d4:35:9d:b7:6c,,,,,output:4,0,0
s1,185.756,6572,1673364,72:d4:35:9d:b7:6c,6e:95:15:c9:34:ac,,,,,output:1,0,0
s2,185.954,9130,692672,6e:95:15:c9:34:ac,72:d4:35:9d:b7:6c,,,,,output:3,0,0
s2,185.953,6572,1673364,72:d4:35:9d:b7:6c,6e:95:15:c9:34:ac,,,,,output:5,0,0
s1,187.296,9130,692672,6e:95:15:c9:34:ac,72:d4:35:9d:b7:6c,,,,,output:4,0,0
s1,187.290,6572,1673364,72:d4:35:9d:b7:6c,6e:95:15:c9:34:ac,,,,,output:1,0,0
s2,187.479,9130,692672,6e:95:15:c9:34:ac,72:d4:35:9d:b7:6c,,,,,output:3,0,0
s2,187.478,6572,1673364,72:d4:35:9d:b7:6c,6e:95:15:c9:34:ac,,,,,output:5,0,0
s1,188.799,9130,692672,6e:95:15:c9:34:ac,72:d4:35:9d:b7:6c,,,,,output:4,0,0
s1,188.793,6572,1673364,72:d4:35:9d:b7:6c,6e:95:15:c9:34:ac,,,,,output:1,0,0
s2,188.992,9130,692672,6e:95:15:c9:34:ac,72:d4:35:9d:b7:6c,,,,,output:3,0,0
s2,188.991,6572,1673364,72:d4:35:9d:b7:6c,6e:95:15:c9:34:ac,,,,,output:5,0,0
s1,190.325,9130,692672,6e:95:15:c9:34:ac,72:d4:35:9d:b7:6c,,,,,output:4,0,0
s1,190.319,6572,1673364,72:d4:35:9d:b7:6c,6e:95:15:c9:34:ac,,,,,output:1,0,0
s2,190.538,9130,692672,6e:95:15:c9:34:ac,72:d4:35:9d:b7:6c,,,,,output:3,0,0
s2,190.537,6572,1673364,72:d4:35:9d:b7:6c,6e:95:15:c9:34:ac,,,,,output:5,0,0
s1,191.950,9130,692672,6e:95:15:c9:34:ac,72:d4:35:9d:b7:6c,,,,,output:4,0,0
s1,191.944,6572,1673364,72:d4:35:9d:b7:6c,6e:95:15:c9:34:ac,,,,,output:1,0,0
s2,192.139,9130,692672,6e:95:15:c9:34:ac,72:d4:35:9d:b7:6c,,,,,output:3,0,0
s2,192.138,6572,1673364,72:d4:35:9d:b7:6c,6e:95:15:c9:34:ac,,,,,output:5,0,0
s1,193.593,9130,692672,6e:95:15:c9:34:ac,72:d4:35:9d:b7:6c,,,,,output:4,0,0
s1,193.587,6572,1673364,72:d4:35:9d:b7:6c,6e:95:15:c9:34:ac,,,,,output:1,0,0
s2,193.847,9130,692672,6e:95:15:c9:34:ac,72:d4:35:9d:b7:6c,,,,,output:3,0,0
s2,193.846,6572,1673364,72:d4:35:9d:b7:6c,6e:95:15:c9:34:ac,,,,,output:5,0,0
s1,195.241,9130,692672,6e:95:15:c9:34:ac,72:d4:35:9d:b7:6c,,,,,output:4,0,0
s1,195.235,6572,1673364,72:d4:35:9d:b7:6c,6e:95:15:c9:34:ac,,,,,output:1,0,0
s2,195.424,9130,692672,6e:95:15:c9:34:ac,72:d4:35:9d:b7:6c,,,,,output:3,0,0
s2,195.423,6572,1673364,72:d4:35:9d:b7:6c,6e:95:15:c9:34:ac,,,,,output:5,0,0
s1,196.755,9130,692672,6e:95:15:c9:34:ac,72:d4:35:9d:b7:6c,,,,,output:4,0,0
s1,196.749,6572,1673364,72:d4:35:9d:b7:6c,6e:95:15:c9:34:ac,,,,,output:1,0,0
s2,196.982,9130,692672,6e:95:15:c9:34:ac,72:d4:35:9d:b7:6c,,,,,output:3,0,0
s2,196.981,6572,1673364,72:d4:35:9d:b7:6c,6e:95:15:c9:34:ac,,,,,output:5,0,0
s1,198.312,9130,692672,6e:95:15:c9:34:ac,72:d4:35:9d:b7:6c,,,,,output:4,0,0
s1,198.306,6572,1673364,72:d4:35:9d:b7:6c,6e:95:15:c9:34:ac,,,,,output:1,0,0
s2,198.506,9130,692672,6e:95:15:c9:34:ac,72:d4:35:9d:b7:6c,,,,,output:3,0,0
s2,198.505,6572,1673364,72:d4:35:9d:b7:6c,6e:95:15:c9:34:ac,,,,,output:5,0,0
s1,1.189,10,740,6e:95:15:c9:34:ac,72:d4:35:9d:b7:6c,,,,,output:4,0,0
s1,1.187,10,540,72:d4:35:9d:b7:6c,6e:95:15:c9:34:ac,,,,,output:1,0,0
s2,1.365,10,740,6e:95:15:c9:34:ac,72:d4:35:9d:b7:6c,,,,,output:3,0,0
s2,1.364,10,540,72:d4:35:9d:b7:6c,6e:95:15:c9:34:ac,,,,,output:5,0,0
s1,2.702,25,1850,6e:95:15:c9:34:ac,72:d4:35:9d:b7:6c,,,,,output:4,15,1110
s1,2.700,25,1350,72:d4:35:9d:b7:6c,6e:95:15:c9:34:ac,,,,,output:1,15,810
s2,2.867,25,1850,6e:95:15:c9:34:ac,72:d4:35:9d:b7:6c,,,,,output:3,15,1110
s2,2.866,25,1350,72:d4:35:9d:b7:6c,6e:95:15:c9:34:ac,,,,,output:5,15,810
s1,4.180,40,2960,6e:95:15:c9:34:ac,72:d4:35:9d:b7:6c,,,,,output:4,15,1110
s1,4.178,40,2160,72:d4:35:9d:b7:6c,6e:95:15:c9:34:ac,,,,,output:1,15,810
s2,4.347,40,2960,6e:95:15:c9:34:ac,72:d4:35:9d:b7:6c,,,,,output:3,15,1110
s2,4.346,40,2160,72:d4:35:9d:b7:6c,6e:95:15:c9:34:ac,,,,,output:5,15,810
s1,5.662,55,4070,6e:95:15:c9:34:ac,72:d4:35:9d:b7:6c,,,,,output:4,15,1110
s1,5.660,55,2970,72:d4:35:9d:b7:6c,6e:95:15:c9:34:ac,,,,,output:1,15,810
s2,5.948,55,4070,6e:95:15:c9:34:ac,72:d4:35:9d:b7:6c,,,,,output:3,15,1110
s2,5.947,55,2970,72:d4:35:9d:b7:6c,6e:95:15:c9:34:ac,,,,,output:5,15,810
s1,7.290,70,5180,6e:95:15:c9:34:ac,72:d4:35:9d:b7:6c,,,,,output:4,15,1110
s1,7.288,70,3780,72:d4:35:9d:b7:6c,6e:95:15:c9:34:ac,,,,,output:1,15,810
s2,7.465,70,5180,6e:95:15:c9:34:ac,72:d4:35:9d:b7:6c,,,,,output:3,15,1110
s2,7.464,70,3780,72:d4:35:9d:b7:6c,6e:95:15:c9:34:ac,,,,,output:5,15,810
s1,8.781,85,6290,6e:95:15:c9:34:ac,72:d4:35:9d:b7:6c,,,,,output:4,15,1110
s1,8.779,85,4590,72:d4:35:9d:b7:6c,6e:95:15:c9:34:ac,,,,,output:1,15,810
s2,8.971,85,6290,6e:95:15:c9:34:ac,72:d4:35:9d:b7:6c,,,,,output:3,15,1110
s2,8.970,85,4590,72:d4:35:9d:b7:6c,6e:95:15:c9:34:ac,,,,,output:5,15,810
s1,10.314,100,7400,6e:95:15:c9:34:ac,72:d4:35:9d:b7:6c,,,,,output:4,15,1110
s1,10.312,100,5400,72:d4:35:9d:b7:6c,6e:95:15:c9:34:ac,,,,,output:1,15,810
s2,10.504,100,7400,6e:95:15:c9:34:ac,72:d4:35:9d:b7:6c,,,,,output:3,15,1110
s2,10.503,100,5400,72:d4:35:9d:b7:6c,6e:95:15:c9:34:ac,,,,,output:5,15,810
s1,11.886,115,8510,6e:95:15:c9:34:ac,72:d4:35:9d:b7:6c,,,,,output:4,15,1110
s1,11.884,115,6210,72:d4:35:9d:b7:6c,6e:95:15:c9:34:ac,,,,,output:1,15,810
s2,12.069,120,8880,6e:95:15:c9:34:ac,72:d4:35:9d:b7:6c,,,,,output:3,20,1480
s2,12.068,120,6480,72:d4:35:9d:b7:6c,6e:95:15:c9:34:ac,,,,,output:5,20,1080
s1,13.414,130,9620,6e:95:15:c9:34:ac,72:d4:35:9d:b7:6c,,,,,output:4,15,1110
s1,13.412,130,7020,72:d4:35:9d:b7:6c,6e:95:15:c9:34:ac,,,,,output:1,15,810
s2,13.624,135,9990,6e:95:15:c9:34:ac,72:d4:35:9d:b7:6c,,,,,output:3,15,1110
s2,13.623,135,7290,72:d4:35:9d:b7:6c,6e:95:15:c9:34:ac,,,,,output:5,15,810
s1,15.028,145,10730,6e:95:15:c9:34:ac,72:d4:35:9d:b7:6c,,,,,output:4,15,1110
s1,15.026,145,7830,72:d4:35:9d:b7:6c,6e:95:15:c9:34:ac,,,,,output:1,15,810
s2,15.252,150,11100,6e:95:15:c9:34:ac,72:d4:35:9d:b7:6c,,,,,output:3,15,1110
s2,15.251,150,8100,72:d4:35:9d:b7:6c,6e:95:15:c9:34:ac,,,,,output:5,15,810
s1,16.588,165,12210,6e:95:15:c9:34:ac,72:d4:35:9d:b7:6c,,,,,output:4,20,1480
s1,16.586,165,8910,72:d4:35:9d:b7:6c,6e:95:15:c9:34:ac,,,,,output:1,20,1080
s2,16.757,165,12210,6e:95:15:c9:34:ac,72:d4:35:9d:b7:6c,,,,,output:3,15,1110
s2,16.756,165,8910,72:d4:35:9d:b7:6c,6e:95:15:c9:34:ac,,,,,output:5,15,810
s1,18.060,180,13320,6e:95:15:c9:34:ac,72:d4:35:9d:b7:6c,,,,,output:4,15,1110
s1,18.058,180,9720,72:d4:35:9d:b7:6c,6e:95:15:c9:34:ac,,,,,output:1,15,810
s2,18.228,180,13320,6e:95:15:c9:34:ac,72:d4:35:9d:b7:6c,,,,,output:3,15,1110
s2,18.227,180,9720,72:d4:35:9d:b7:6c,6e:95:15:c9:34:ac,,,,,output:5,15,810
s1,19.531,190,14060,6e:95:15:c9:34:ac,72:d4:35:9d:b7:6c,,,,,output:4,10,740
s1,19.529,190,10260,72:d4:35:9d:b7:6c,6e:95:15:c9:34:ac,,,,,output:1,10,540
s2,19.705,195,14430,6e:95:15:c9:34:ac,72:d4:35:9d:b7:6c,,,,,output:3,15,1110
s2,19.704,195,10530,72:d4:35:9d:b7:6c,6e:95:15:c9:34:ac,,,,,output:5,15,810
s1,21.097,210,15540,6e:95:15:c9:34:ac,72:d4:35:9d:b7:6c,,,,,output:4,20,1480
s1,21.095,210,11340,72:d4:35:9d:b7:6c,6e:95:15:c9:34:ac,,,,,output:1,20,1080
s2,21.284,210,15540,6e:95:15:c9:34:ac,72:d4:35:9d:b7:6c,,,,,output:3,15,1110
s2,21.283,210,11340,72:d4:35:9d:b7:6c,6e:95:15:c9:34:ac,,,,,output:5,15,810
s1,22.612,225,16650,6e:95:15:c9:34:ac,72:d4:35:9d:b7:6c,,,,,output:4,15,1110
s1,22.610,225,12150,72:d4:35:9d:b7:6c,6e:95:15:c9:34:ac,,,,,output:1,15,810
s2,22.808,225,16650,6e:95:15:c9:34:ac,72:d4:35:9d:b7:6c,,,,,output:3,15,1110
s2,22.807,225,12150,72:d4:35:9d:b7:6c,6e:95:15:c9:34:ac,,,,,output:5,15,810
s1,24.131,240,17760,6e:95:15:c9:34:ac,72:d4:35:9d:b7:6c,,,,,output:4,15,1110
s1,24.129,240,12960,72:d4:35:9d:b7:6c,6e:95:15:c9:34:ac,,,,,output:1,15,810
s2,24.343,240,17760,6e:95:15:c9:34:ac,72:d4:35:9d:b7:6c,,,,,output:3,15,1110
s2,24.342,240,12960,72:d4:35:9d:b7:6c,6e:95:15:c9:34:ac,,,,,output:5,15,810
s1,25.828,255,18870,6e:95:15:c9:34:ac,72:d4:35:9d:b7:6c,,,,,output:4,15,1110
s1,25.826,255,13770,72:d4:35:9d:b7:6c,6e:95:15:c9:34:ac,,,,,output:1,15,810
s2,26.035,255,18870,6e:95:15:c9:34:ac,72:d4:35:9d:b7:6c,,,,,output:3,15,1110
s2,26.034,255,13770,72:d4:35:9d:b7:6c,6e:95:15:c9:34:ac,,,,,output:5,15,810
s1,27.362,270,19980,6e:95:15:c9:34:ac,72:d4:35:9d:b7:6c,,,,,output:4,15,1110
s1,27.360,270,14580,72:d4:35:9d:b7:6c,6e:95:15:c9:34:ac,,,,,output:1,15,810
s2,27.549,270,19980,6e:95:15:c9:34:ac,72:d4:35:9d:b7:6c,,,,,output:3,15,1110
s2,27.548,270,14580,72:d4:35:9d:b7:6c,6e:95:15:c9:34:ac,,,,,output:5,15,810
s1,28.880,285,21090,6e:95:15:c9:34:ac,72:d4:35:9d:b7:6c,,,,,output:4,15,1110
s1,28.878,285,15390,72:d4:35:9d:b7:6c,6e:95:15:c9:34:ac,,,,,output:1,15,810
s2,29.081,290,21460,6e:95:15:c9:34:ac,72:d4:35:9d:b7:6c,,,,,output:3,20,1480
s2,29.080,290,15660,72:d4:35:9d:b7:6c,6e:95:15:c9:34:ac,,,,,output:5,20,1080
s1,30.426,300,22200,6e:95:15:c9:34:ac,72:d4:35:9d:b7:6c,,,,,output:4,15,1110
s1,30.424,300,16200,72:d4:35:9d:b7:6c,6e:95:15:c9:34:ac,,,,,output:1,15,810
s2,30.634,300,22200,6e:95:15:c9:34:ac,72:d4:35:9d:b7:6c,,,,,output:3,10,740
s2,30.633,300,16200,72:d4:35:9d:b7:6c,6e:95:15:c9:34:ac,,,,,output:5,10,540
s1,31.975,300,22200,6e:95:15:c9:34:ac,72:d4:35:9d:b7:6c,,,,,output:4,0,0
s1,31.973,300,16200,72:d4:35:9d:b7:6c,6e:95:15:c9:34:ac,,,,,output:1,0,0
s2,32.162,305,22570,6e:95:15:c9:34:ac,72:d4:35:9d:b7:6c,,,,,output:3,5,370
s2,32.161,305,16470,72:d4:35:9d:b7:6c,6e:95:15:c9:34:ac,,,,,output:5,5,270
s1,33.483,315,23310,6e:95:15:c9:34:ac,72:d4:35:9d:b7:6c,,,,,output:4,15,1110
s1,33.481,315,17010,72:d4:35:9d:b7:6c,6e:95:15:c9:34:ac,,,,,output:1,15,810
s2,33.669,320,23680,6e:95:15:c9:34:ac,72:d4:35:9d:b7:6c,,,,,output:3,15,1110
s2,33.668,320,17280,72:d4:35:9d:b7:6c,6e:95:15:c9:34:ac,,,,,output:5,15,810
s1,34.996,330,24420,6e:95:15:c9:34:ac,72:d4:35:9d:b7:6c,,,,,output:4,15,1110
s1,34.994,330,17820,72:d4:35:9d:b7:6c,6e:95:15:c9:34:ac,,,,,output:1,15,810
s2,35.191,335,24790,6e:95:15:c9:34:ac,72:d4:35:9d:b7:6c,,,,,output:3,15,1110
s2,35.190,335,18090,72:d4:35:9d:b7:6c,6e:95:15:c9:34:ac,,,,,output:5,15,810
s1,36.530,345,25530,6e:95:15:c9:34:ac,72:d4:35:9d:b7:6c,,,,,output:4,15,1110
s1,36.528,345,18630,72:d4:35:9d:b7:6c,6e:95:15:c9:34:ac,,,,,output:1,15,810
s2,36.715,350,25900,6e:95:15:c9:34:ac,72:d4:35:9d:b7:6c,,,,,output:3,15,1110
s2,36.714,350,18900,72:d4:35:9d:b7:6c,6e:95:15:c9:34:ac,,,,,output:5,15,810
s1,38.049,353,26122,6e:95:15:c9:34:ac,72:d4:35:9d:b7:6c,,,,,output:4,8,592
s1,38.047,353,19062,72:d4:35:9d:b7:6c,6e:95:15:c9:34:ac,,,,,output:1,8,432
s2,38.252,353,26122,6e:95:15:c9:34:ac,72:d4:35:9d:b7:6c,,,,,output:3,3,222
s2,38.251,353,19062,72:d4:35:9d:b7:6c,6e:95:15:c9:34:ac,,,,,output:5,3,162
s1,39.631,353,26122,6e:95:15:c9:34:ac,72:d4:35:9d:b7:6c,,,,,output:4,0,0
s1,39.629,353,19062,72:d4:35:9d:b7:6c,6e:95:15:c9:34:ac,,,,,output:1,0,0
s2,39.838,353,26122,6e:95:15:c9:34:ac,72:d4:35:9d:b7:6c,,,,,output:3,0,0
s2,39.837,353,19062,72:d4:35:9d:b7:6c,6e:95:15:c9:34:ac,,,,,output:5,0,0
s1,41.184,361,26714,6e:95:15:c9:34:ac,72:d4:35:9d:b7:6c,,,,,output:4,8,592
s1,41.182,361,19494,72:d4:35:9d:b7:6c,6e:95:15:c9:34:ac,,,,,output:1,8,432
s2,41.376,361,26714,6e:95:15:c9:34:ac,72:d4:35:9d:b7:6c,,,,,output:3,8,592
s2,41.375,361,19494,72:d4:35:9d:b7:6c,6e:95:15:c9:34:ac,,,,,output:5,8,432
s1,42.713,376,27824,6e:95:15:c9:34:ac,72:d4:35:9d:b7:6c,,,,,output:4,15,1110
s1,42.711,376,20304,72:d4:35:9d:b7:6c,6e:95:15:c9:34:ac,,,,,output:1,15,810
s2,42.903,376,27824,6e:95:15:c9:34:ac,72:d4:35:9d:b7:6c,,,,,output:3,15,1110
s2,42.902,376,20304,72:d4:35:9d:b7:6c,6e:95:15:c9:34:ac,,,,,output:5,15,810
s1,44.227,391,28934,6e:95:15:c9:34:ac,72:d4:35:9d:b7:6c,,,,,output:4,15,1110
s1,44.225,391,21114,72:d4:35:9d:b7:6c,6e:95:15:c9:34:ac,,,,,output:1,15,810
s2,44.425,391,28934,6e:95:15:c9:34:ac,72:d4:35:9d:b7:6c,,,,,output:3,15,1110
s2,44.424,391,21114,72:d4:35:9d:b7:6c,6e:95:15:c9:34:ac,,,,,output:5,15,810
s1,45.757,403,29822,6e:95:15:c9:34:ac,72:d4:35:9d:b7:6c,,,,,output:4,12,888
s1,45.755,403,21762,72:d4:35:9d:b7:6c,6e:95:15:c9:34:ac,,,,,output:1,12,648
s2,45.955,403,29822,6e:95:15:c9:34:ac,72:d4:35:9d:b7:6c,,,,,output:3,12,888
s2,45.954,403,21762,72:d4:35:9d:b7:6c,6e:95:15:c9:34:ac,,,,,output:5,12,648
s1,47.301,403,29822,6e:95:15:c9:34:ac,72:d4:35:9d:b7:6c,,,,,output:4,0,0
s1,47.299,403,21762,72:d4:35:9d:b7:6c,6e:95:15:c9:34:ac,,,,,output:1,0,0
s2,47.502,403,29822,6e:95:15:c9:34:ac,72:d4:35:9d:b7:6c,,,,,output:3,0,0
s2,47.501,403,21762,72:d4:35:9d:b7:6c,6e:95:15:c9:34:ac,,,,,output:5,0,0
s1,48.841,403,29822,6e:95:15:c9:34:ac,72:d4:35:9d:b7:6c,,,,,output:4,0,0
s1,48.839,403,21762,72:d4:35:9d:b7:6c,6e:95:15:c9:34:ac,,,,,output:1,0,0
s2,49.062,403,29822,6e:95:15:c9:34:ac,72:d4:35:9d:b7:6c,,,,,output:3,0,0
s2,49.061,403,21762,72:d4:35:9d:b7:6c,6e:95:15:c9:34:ac,,,,,output:5,0,0
s1,50.461,403,29822,6e:95:15:c9:34:ac,72:d4:35:9d:b7:6c,,,,,output:4,0,0
s1,50.459,403,21762,72:d4:35:9d:b7:6c,6e:95:15:c9:34:ac,,,,,output:1,0,0
s2,50.661,403,29822,6e:95:15:c9:34:ac,72:d4:35:9d:b7:6c,,,,,output:3,0,0
s2,50.660,403,21762,72:d4:35:9d:b7:6c,6e:95:15:c9:34:ac,,,,,output:5,0,0
s1,52.061,403,29822,6e:95:15:c9:34:ac,72:d4:35:9d:b7:6c,,,,,output:4,0,0
s1,52.059,403,21762,72:d4:35:9d:b7:6c,6e:95:15:c9:34:ac,,,,,output:1,0,0
s2,52.276,403,29822,6e:95:15:c9:34:ac,72:d4:35:9d:b7:6c,,,,,output:3,0,0
s2,52.275,403,21762,72:d4:35:9d:b7:6c,6e:95:15:c9:34:ac,,,,,output:5,0,0
s1,53.615,415,30710,6e:95:15:c9:34:ac,72:d4:35:9d:b7:6c,,,,,output:4,12,888
s1,53.613,415,22410,72:d4:35:9d:b7:6c,6e:95:15:c9:34:ac,,,,,output:1,12,648
s2,53.800,415,30710,6e:95:15:c9:34:ac,72:d4:35:9d:b7:6c,,,,,output:3,12,888
s2,53.799,415,22410,72:d4:35:9d:b7:6c,6e:95:15:c9:34:ac,,,,,output:5,12,648
s1,55.125,430,31820,6e:95:15:c9:34:ac,72:d4:35:9d:b7:6c,,,,,output:4,15,1110
s1,55.123,430,23220,72:d4:35:9d:b7:6c,6e:95:15:c9:34:ac,,,,,output:1,15,810
s2,55.311,430,31820,6e:95:15:c9:34:ac,72:d4:35:9d:b7:6c,,,,,output:3,15,1110
s2,55.310,430,23220,72:d4:35:9d:b7:6c,6e:95:15:c9:34:ac,,,,,output:5,15,810
s1,56.630,445,32930,6e:95:15:c9:34:ac,72:d4:35:9d:b7:6c,,,,,output:4,15,1110
s1,56.628,445,24030,72:d4:35:9d:b7:6c,6e:95:15:c9:34:ac,,,,,output:1,15,810
s2,56.823,445,32930,6e:95:15:c9:34:ac,72:d4:35:9d:b7:6c,,,,,output:3,15,1110
s2,56.822,445,24030,72:d4:35:9d:b7:6c,6e:95:15:c9:34:ac,,,,,output:5,15,810
s1,58.154,453,33522,6e:95:15:c9:34:ac,72:d4:35:9d:b7:6c,,,,,output:4,8,592
s1,58.152,453,24462,72:d4:35:9d:b7:6c,6e:95:15:c9:34:ac,,,,,output:1,8,432
s2,58.360,453,33522,6e:95:15:c9:34:ac,72:d4:35:9d:b7:6c,,,,,output:3,8,592
s2,58.359,453,24462,72:d4:35:9d:b7:6c,6e:95:15:c9:34:ac,,,,,output:5,8,432
s1,59.705,453,33522,6e:95:15:c9:34:ac,72:d4:35:9d:b7:6c,,,,,output:4,0,0
s1,59.703,453,24462,72:d4:35:9d:b7:6c,6e:95:15:c9:34:ac,,,,,output:1,0,0
s2,59.914,453,33522,6e:95:15:c9:34:ac,72:d4:35:9d:b7:6c,,,,,output:3,0,0
s2,59.913,453,24462,72:d4:35:9d:b7:6c,6e:95:15:c9:34:ac,,,,,output:5,0,0
s1,61.277,453,33522,6e:95:15:c9:34:ac,72:d4:35:9d:b7:6c,,,,,output:4,0,0
s1,61.275,453,24462,72:d4:35:9d:b7:6c,6e:95:15:c9:34:ac,,,,,output:1,0,0
s2,61.487,453,33522,6e:95:15:c9:34:ac,72:d4:35:9d:b7:6c,,,,,output:3,0,0
s2,61.486,453,24462,72:d4:35:9d:b7:6c,6e:95:15:c9:34:ac,,,,,output:5,0,0
s1,62.846,453,33522,6e:95:15:c9:34:ac,72:d4:35:9d:b7:6c,,,,,output:4,0,0
s1,62.844,453,24462,72:d4:35:9d:b7:6c,6e:95:15:c9:34:ac,,,,,output:1,0,0
s2,63.062,453,33522,6e:95:15:c9:34:ac,72:d4:35:9d:b7:6c,,,,,output:3,0,0
s2,63.061,453,24462,72:d4:35:9d:b7:6c,6e:95:15:c9:34:ac,,,,,output:5,0,0
s1,64.423,453,33522,6e:95:15:c9:34:ac,72:d4:35:9d:b7:6c,,,,,output:4,0,0
s1,64.421,453,24462,72:d4:35:9d:b7:6c,6e:95:15:c9:34:ac,,,,,output:1,0,0
s2,64.631,453,33522,6e:95:15:c9:34:ac,72:d4:35:9d:b7:6c,,,,,output:3,0,0
s2,64.630,453,24462,72:d4:35:9d:b7:6c,6e:95:15:c9:34:ac,,,,,output:5,0,0
s1,65.982,453,33522,6e:95:15:c9:34:ac,72:d4:35:9d:b7:6c,,,,,output:4,0,0
s1,65.980,453,24462,72:d4:35:9d:b7:6c,6e:95:15:c9:34:ac,,,,,output:1,0,0
s2,66.196,453,33522,6e:95:15:c9:34:ac,72:d4:35:9d:b7:6c,,,,,output:3,0,0
s2,66.195,453,24462,72:d4:35:9d:b7:6c,6e:95:15:c9:34:ac,,,,,output:5,0,0
s1,67.547,453,33522,6e:95:15:c9:34:ac,72:d4:35:9d:b7:6c,,,,,output:4,0,0
s1,67.545,453,24462,72:d4:35:9d:b7:6c,6e:95:15:c9:34:ac,,,,,output:1,0,0
s2,67.757,453,33522,6e:95:15:c9:34:ac,72:d4:35:9d:b7:6c,,,,,output:3,0,0
s2,67.756,453,24462,72:d4:35:9d:b7:6c,6e:95:15:c9:34:ac,,,,,output:5,0,0
s1,69.115,453,33522,6e:95:15:c9:34:ac,72:d4:35:9d:b7:6c,,,,,output:4,0,0
s1,69.113,453,24462,72:d4:35:9d:b7:6c,6e:95:15:c9:34:ac,,,,,output:1,0,0
s2,69.339,453,33522,6e:95:15:c9:34:ac,72:d4:35:9d:b7:6c,,,,,output:3,0,0
s2,69.338,453,24462,72:d4:35:9d:b7:6c,6e:95:15:c9:34:ac,,,,,output:5,0,0
s1,70.704,453,33522,6e:95:15:c9:34:ac,72:d4:35:9d:b7:6c,,,,,output:4,0,0
s1,70.702,453,24462,72:d4:35:9d:b7:6c,6e:95:15:c9:34:ac,,,,,output:1,0,0
s2,70.925,453,33522,6e:95:15:c9:34:ac,72:d4:35:9d:b7:6c,,,,,output:3,0,0
s2,70.924,453,24462,72:d4:35:9d:b7:6c,6e:95:15:c9:34:ac,,,,,output:5,0,0
s1,0.881,5,370,6e:95:15:c9:34:ac,72:d4:35:9d:b7:6c,,,,,output:4,0,0
s1,0.878,5,270,72:d4:35:9d:b7:6c,6e:95:15:c9:34:ac,,,,,output:1,0,0
s2,1.049,10,740,6e:95:15:c9:34:ac,72:d4:35:9d:b7:6c,,,,,output:3,0,0
s2,1.047,10,540,72:d4:35:9d:b7:6c,6e:95:15:c9:34:ac,,,,,output:5,0,0
s1,2.345,20,1480,6e:95:15:c9:34:ac,72:d4:35:9d:b7:6c,,,,,output:4,15,1110
s1,2.342,20,1080,72:d4:35:9d:b7:6c,6e:95:15:c9:34:ac,,,,,output:1,15,810
s2,2.520,25,1850,6e:95:15:c9:34:ac,72:d4:35:9d:b7:6c,,,,,output:3,15,1110
s2,2.518,25,1350,72:d4:35:9d:b7:6c,6e:95:15:c9:34:ac,,,,,output:5,15,810
s1,3.831,35,2590,6e:95:15:c9:34:ac,72:d4:35:9d:b7:6c,,,,,output:4,15,1110
s1,3.828,35,1890,72:d4:35:9d:b7:6c,6e:95:15:c9:34:ac,,,,,output:1,15,810
s2,4.009,35,2590,6e:95:15:c9:34:ac,72:d4:35:9d:b7:6c,,,,,output:3,10,740
s2,4.007,35,1890,72:d4:35:9d:b7:6c,6e:95:15:c9:34:ac,,,,,output:5,10,540
s1,5.315,49,3626,6e:95:15:c9:34:ac,72:d4:35:9d:b7:6c,,,,,output:4,14,1036
s1,5.312,49,2646,72:d4:35:9d:b7:6c,6e:95:15:c9:34:ac,,,,,output:1,14,756
s2,5.521,49,3626,6e:95:15:c9:34:ac,72:d4:35:9d:b7:6c,,,,,output:3,14,1036
s2,5.519,49,2646,72:d4:35:9d:b7:6c,6e:95:15:c9:34:ac,,,,,output:5,14,756
s1,6.883,49,3626,6e:95:15:c9:34:ac,72:d4:35:9d:b7:6c,,,,,output:4,0,0
s1,6.880,49,2646,72:d4:35:9d:b7:6c,6e:95:15:c9:34:ac,,,,,output:1,0,0
s2,7.084,49,3626,6e:95:15:c9:34:ac,72:d4:35:9d:b7:6c,,,,,output:3,0,0
s2,7.082,49,2646,72:d4:35:9d:b7:6c,6e:95:15:c9:34:ac,,,,,output:5,0,0
s1,8.418,49,3626,6e:95:15:c9:34:ac,72:d4:35:9d:b7:6c,,,,,output:4,0,0
s1,8.415,49,2646,72:d4:35:9d:b7:6c,6e:95:15:c9:34:ac,,,,,output:1,0,0
s2,8.613,49,3626,6e:95:15:c9:34:ac,72:d4:35:9d:b7:6c,,,,,output:3,0,0
s2,8.611,49,2646,72:d4:35:9d:b7:6c,6e:95:15:c9:34:ac,,,,,output:5,0,0
s1,9.944,49,3626,6e:95:15:c9:34:ac,72:d4:35:9d:b7:6c,,,,,output:4,0,0
s1,9.941,49,2646,72:d4:35:9d:b7:6c,6e:95:15:c9:34:ac,,,,,output:1,0,0
s2,10.139,49,3626,6e:95:15:c9:34:ac,72:d4:35:9d:b7:6c,,,,,output:3,0,0
s2,10.137,49,2646,72:d4:35:9d:b7:6c,6e:95:15:c9:34:ac,,,,,output:5,0,0
s1,11.463,49,3626,6e:95:15:c9:34:ac,72:d4:35:9d:b7:6c,,,,,output:4,0,0
s1,11.460,49,2646,72:d4:35:9d:b7:6c,6e:95:15:c9:34:ac,,,,,output:1,0,0
s2,11.655,49,3626,6e:95:15:c9:34:ac,72:d4:35:9d:b7:6c,,,,,output:3,0,0
s2,11.653,49,2646,72:d4:35:9d:b7:6c,6e:95:15:c9:34:ac,,,,,output:5,0,0
s1,12.966,49,3626,6e:95:15:c9:34:ac,72:d4:35:9d:b7:6c,,,,,output:4,0,0
s1,12.963,49,2646,72:d4:35:9d:b7:6c,6e:95:15:c9:34:ac,,,,,output:1,0,0
s2,13.153,49,3626,6e:95:15:c9:34:ac,72:d4:35:9d:b7:6c,,,,,output:3,0,0
s2,13.151,49,2646,72:d4:35:9d:b7:6c,6e:95:15:c9:34:ac,,,,,output:5,0,0
s1,14.461,49,3626,6e:95:15:c9:34:ac,72:d4:35:9d:b7:6c,,,,,output:4,0,0
s1,14.458,49,2646,72:d4:35:9d:b7:6c,6e:95:15:c9:34:ac,,,,,output:1,0,0
s2,14.650,49,3626,6e:95:15:c9:34:ac,72:d4:35:9d:b7:6c,,,,,output:3,0,0
s2,14.648,49,2646,72:d4:35:9d:b7:6c,6e:95:15:c9:34:ac,,,,,output:5,0,0
s1,15.966,49,3626,6e:95:15:c9:34:ac,72:d4:35:9d:b7:6c,,,,,output:4,0,0
s1,15.963,49,2646,72:d4:35:9d:b7:6c,6e:95:15:c9:34:ac,,,,,output:1,0,0
s2,16.163,49,3626,6e:95:15:c9:34:ac,72:d4:35:9d:b7:6c,,,,,output:3,0,0
s2,16.161,49,2646,72:d4:35:9d:b7:6c,6e:95:15:c9:34:ac,,,,,output:5,0,0
s1,17.491,49,3626,6e:95:15:c9:34:ac,72:d4:35:9d:b7:6c,,,,,output:4,0,0
s1,17.488,49,2646,72:d4:35:9d:b7:6c,6e:95:15:c9:34:ac,,,,,output:1,0,0
s2,17.677,49,3626,6e:95:15:c9:34:ac,72:d4:35:9d:b7:6c,,,,,output:3,0,0
s2,17.675,49,2646,72:d4:35:9d:b7:6c,6e:95:15:c9:34:ac,,,,,output:5,0,0
s1,18.990,49,3626,6e:95:15:c9:34:ac,72:d4:35:9d:b7:6c,,,,,output:4,0,0
s1,18.987,49,2646,72:d4:35:9d:b7:6c,6e:95:15:c9:34:ac,,,,,output:1,0,0
s1,0.783,41,3112,6e:95:15:c9:34:ac,5a:e1:b6:56:74:f3,,,,,output:4,41,3112
s1,0.778,30,7852,5a:e1:b6:56:74:f3,6e:95:15:c9:34:ac,,,,,output:1,30,7852
s2,19.231,49,3626,6e:95:15:c9:34:ac,72:d4:35:9d:b7:6c,,,,,output:3,0,0
s2,19.229,49,2646,72:d4:35:9d:b7:6c,6e:95:15:c9:34:ac,,,,,output:5,0,0
s2,1.020,76,5767,6e:95:15:c9:34:ac,5a:e1:b6:56:74:f3,,,,,output:2,76,5767
s2,1.018,55,14272,5a:e1:b6:56:74:f3,6e:95:15:c9:34:ac,,,,,output:5,55,14272
s1,20.614,49,3626,6e:95:15:c9:34:ac,72:d4:35:9d:b7:6c,,,,,output:4,0,0
s1,20.611,49,2646,72:d4:35:9d:b7:6c,6e:95:15:c9:34:ac,,,,,output:1,0,0
s1,2.407,146,11077,6e:95:15:c9:34:ac,5a:e1:b6:56:74:f3,,,,,output:4,105,7965
s1,2.402,105,27112,5a:e1:b6:56:74:f3,6e:95:15:c9:34:ac,,,,,output:1,75,19260
s2,20.877,49,3626,6e:95:15:c9:34:ac,72:d4:35:9d:b7:6c,,,,,output:3,0,0
s2,20.875,49,2646,72:d4:35:9d:b7:6c,6e:95:15:c9:34:ac,,,,,output:5,0,0
s2,2.666,181,13732,6e:95:15:c9:34:ac,5a:e1:b6:56:74:f3,,,,,output:2,105,7965
s2,2.664,130,33532,5a:e1:b6:56:74:f3,6e:95:15:c9:34:ac,,,,,output:5,75,19260
s1,4.120,272,20635,6e:95:15:c9:34:ac,5a:e1:b6:56:74:f3,,,,,output:4,126,9558
s1,4.115,195,50224,5a:e1:b6:56:74:f3,6e:95:15:c9:34:ac,,,,,output:1,90,23112
s2,4.399,307,23290,6e:95:15:c9:34:ac,5a:e1:b6:56:74:f3,,,,,output:2,126,9558
s2,4.397,220,56644,5a:e1:b6:56:74:f3,6e:95:15:c9:34:ac,,,,,output:5,90,23112
s1,5.786,349,26476,6e:95:15:c9:34:ac,5a:e1:b6:56:74:f3,,,,,output:4,77,5841
s1,5.781,250,64348,5a:e1:b6:56:74:f3,6e:95:15:c9:34:ac,,,,,output:1,55,14124
s2,6.001,349,26476,6e:95:15:c9:34:ac,5a:e1:b6:56:74:f3,,,,,output:2,42,3186
s2,5.999,250,64348,5a:e1:b6:56:74:f3,6e:95:15:c9:34:ac,,,,,output:5,30,7704
s1,7.343,349,26476,6e:95:15:c9:34:ac,5a:e1:b6:56:74:f3,,,,,output:4,0,0
s1,7.338,250,64348,5a:e1:b6:56:74:f3,6e:95:15:c9:34:ac,,,,,output:1,0,0
s2,7.525,349,26476,6e:95:15:c9:34:ac,5a:e1:b6:56:74:f3,,,,,output:2,0,0
s2,7.523,250,64348,5a:e1:b6:56:74:f3,6e:95:15:c9:34:ac,,,,,output:5,0,0
s1,8.869,349,26476,6e:95:15:c9:34:ac,5a:e1:b6:56:74:f3,,,,,output:4,0,0
s1,8.864,250,64348,5a:e1:b6:56:74:f3,6e:95:15:c9:34:ac,,,,,output:1,0,0
s2,9.053,349,26476,6e:95:15:c9:34:ac,5a:e1:b6:56:74:f3,,,,,output:2,0,0
s2,9.051,250,64348,5a:e1:b6:56:74:f3,6e:95:15:c9:34:ac,,,,,output:5,0,0
s1,10.473,349,26476,6e:95:15:c9:34:ac,5a:e1:b6:56:74:f3,,,,,output:4,0,0
s1,10.468,250,64348,5a:e1:b6:56:74:f3,6e:95:15:c9:34:ac,,,,,output:1,0,0
s2,10.672,349,26476,6e:95:15:c9:34:ac,5a:e1:b6:56:74:f3,,,,,output:2,0,0
s2,10.670,250,64348,5a:e1:b6:56:74:f3,6e:95:15:c9:34:ac,,,,,output:5,0,0
s1,12.035,349,26476,6e:95:15:c9:34:ac,5a:e1:b6:56:74:f3,,,,,output:4,0,0
s1,12.030,250,64348,5a:e1:b6:56:74:f3,6e:95:15:c9:34:ac,,,,,output:1,0,0
s2,12.229,349,26476,6e:95:15:c9:34:ac,5a:e1:b6:56:74:f3,,,,,output:2,0,0
s2,12.227,250,64348,5a:e1:b6:56:74:f3,6e:95:15:c9:34:ac,,,,,output:5,0,0
s1,13.579,349,26476,6e:95:15:c9:34:ac,5a:e1:b6:56:74:f3,,,,,output:4,0,0
s1,13.574,250,64348,5a:e1:b6:56:74:f3,6e:95:15:c9:34:ac,,,,,output:1,0,0
s2,13.772,349,26476,6e:95:15:c9:34:ac,5a:e1:b6:56:74:f3,,,,,output:2,0,0
s2,13.770,250,64348,5a:e1:b6:56:74:f3,6e:95:15:c9:34:ac,,,,,output:5,0,0
s1,15.126,349,26476,6e:95:15:c9:34:ac,5a:e1:b6:56:74:f3,,,,,output:4,0,0
s1,15.121,250,64348,5a:e1:b6:56:74:f3,6e:95:15:c9:34:ac,,,,,output:1,0,0
s2,15.323,349,26476,6e:95:15:c9:34:ac,5a:e1:b6:56:74:f3,,,,,output:2,0,0
s2,15.322,250,64348,5a:e1:b6:56:74:f3,6e:95:15:c9:34:ac,,,,,output:5,0,0
s1,16.660,433,32848,6e:95:15:c9:34:ac,5a:e1:b6:56:74:f3,,,,,output:4,84,6372
s1,16.655,310,79756,5a:e1:b6:56:74:f3,6e:95:15:c9:34:ac,,,,,output:1,60,15408
s2,16.866,433,32848,6e:95:15:c9:34:ac,5a:e1:b6:56:74:f3,,,,,output:2,84,6372
s2,16.864,310,79756,5a:e1:b6:56:74:f3,6e:95:15:c9:34:ac,,,,,output:5,60,15408
s1,18.226,537,40747,6e:95:15:c9:34:ac,5a:e1:b6:56:74:f3,,,,,output:4,104,7899
s1,18.221,386,99082,5a:e1:b6:56:74:f3,6e:95:15:c9:34:ac,,,,,output:1,76,19326
s2,18.399,537,40747,6e:95:15:c9:34:ac,5a:e1:b6:56:74:f3,,,,,output:2,104,7899
s2,18.397,386,99082,5a:e1:b6:56:74:f3,6e:95:15:c9:34:ac,,,,,output:5,76,19326
s1,19.733,643,48847,6e:95:15:c9:34:ac,5a:e1:b6:56:74:f3,,,,,output:4,106,8100
s1,19.728,465,118614,5a:e1:b6:56:74:f3,6e:95:15:c9:34:ac,,,,,output:1,79,19532
s2,19.909,682,51766,6e:95:15:c9:34:ac,5a:e1:b6:56:74:f3,,,,,output:2,145,11019
s2,19.907,493,126178,5a:e1:b6:56:74:f3,6e:95:15:c9:34:ac,,,,,output:5,107,27096
s1,21.233,752,57076,6e:95:15:c9:34:ac,5a:e1:b6:56:74:f3,,,,,output:4,109,8229
s1,21.228,543,139018,5a:e1:b6:56:74:f3,6e:95:15:c9:34:ac,,,,,output:1,78,20404
s2,21.413,787,59731,6e:95:15:c9:34:ac,5a:e1:b6:56:74:f3,,,,,output:2,105,7965
s2,21.411,568,145438,5a:e1:b6:56:74:f3,6e:95:15:c9:34:ac,,,,,output:5,75,19260
s1,22.743,857,65041,6e:95:15:c9:34:ac,5a:e1:b6:56:74:f3,,,,,output:4,105,7965
s1,22.738,618,158278,5a:e1:b6:56:74:f3,6e:95:15:c9:34:ac,,,,,output:1,75,19260
s2,22.920,892,67696,6e:95:15:c9:34:ac,5a:e1:b6:56:74:f3,,,,,output:2,105,7965
s2,22.918,643,164698,5a:e1:b6:56:74:f3,6e:95:15:c9:34:ac,,,,,output:5,75,19260
s1,24.239,962,73006,6e:95:15:c9:34:ac,5a:e1:b6:56:74:f3,,,,,output:4,105,7965
s1,24.234,693,177538,5a:e1:b6:56:74:f3,6e:95:15:c9:34:ac,,,,,output:1,75,19260
s2,24.412,997,75661,6e:95:15:c9:34:ac,5a:e1:b6:56:74:f3,,,,,output:2,105,7965
s2,24.410,718,183958,5a:e1:b6:56:74:f3,6e:95:15:c9:34:ac,,,,,output:5,75,19260
s1,25.733,1067,80971,6e:95:15:c9:34:ac,5a:e1:b6:56:74:f3,,,,,output:4,105,7965
s1,25.728,768,196798,5a:e1:b6:56:74:f3,6e:95:15:c9:34:ac,,,,,output:1,75,19260
s2,25.899,1067,80971,6e:95:15:c9:34:ac,5a:e1:b6:56:74:f3,,,,,output:2,70,5310
s2,25.897,768,196798,5a:e1:b6:56:74:f3,6e:95:15:c9:34:ac,,,,,output:5,50,12840
s1,27.214,1172,88936,6e:95:15:c9:34:ac,5a:e1:b6:56:74:f3,,,,,output:4,105,7965
s1,27.209,843,216058,5a:e1:b6:56:74:f3,6e:95:15:c9:34:ac,,,,,output:1,75,19260
s2,27.381,1172,88936,6e:95:15:c9:34:ac,5a:e1:b6:56:74:f3,,,,,output:2,105,7965
s2,27.379,843,216058,5a:e1:b6:56:74:f3,6e:95:15:c9:34:ac,,,,,output:5,75,19260
s1,28.697,1277,96901,6e:95:15:c9:34:ac,5a:e1:b6:56:74:f3,,,,,output:4,105,7965
s1,28.692,918,235318,5a:e1:b6:56:74:f3,6e:95:15:c9:34:ac,,,,,output:1,75,19260
s2,28.866,1277,96901,6e:95:15:c9:34:ac,5a:e1:b6:56:74:f3,,,,,output:2,105,7965
s2,28.864,918,235318,5a:e1:b6:56:74:f3,6e:95:15:c9:34:ac,,,,,output:5,75,19260
s1,30.250,1382,104866,6e:95:15:c9:34:ac,5a:e1:b6:56:74:f3,,,,,output:4,105,7965
s1,30.245,993,254578,5a:e1:b6:56:74:f3,6e:95:15:c9:34:ac,,,,,output:1,75,19260
s2,30.444,1417,107521,6e:95:15:c9:34:ac,5a:e1:b6:56:74:f3,,,,,output:2,140,10620
s2,30.442,1018,260998,5a:e1:b6:56:74:f3,6e:95:15:c9:34:ac,,,,,output:5,100,25680
s1,31.800,1487,112831,6e:95:15:c9:34:ac,5a:e1:b6:56:74:f3,,,,,output:4,105,7965
s1,31.795,1068,273838,5a:e1:b6:56:74:f3,6e:95:15:c9:34:ac,,,,,output:1,75,19260
s2,31.992,1522,115486,6e:95:15:c9:34:ac,5a:e1:b6:56:74:f3,,,,,output:2,105,7965
s2,31.990,1093,280258,5a:e1:b6:56:74:f3,6e:95:15:c9:34:ac,,,,,output:5,75,19260
s1,33.341,1592,120796,6e:95:15:c9:34:ac,5a:e1:b6:56:74:f3,,,,,output:4,105,7965
s1,33.336,1143,293098,5a:e1:b6:56:74:f3,6e:95:15:c9:34:ac,,,,,output:1,75,19260
s2,33.571,1627,123451,6e:95:15:c9:34:ac,5a:e1:b6:56:74:f3,,,,,output:2,105,7965
s2,33.569,1168,299518,5a:e1:b6:56:74:f3,6e:95:15:c9:34:ac,,,,,output:5,75,19260
s1,34.922,1697,128761,6e:95:15:c9:34:ac,5a:e1:b6:56:74:f3,,,,,output:4,105,7965
s1,34.917,1218,312358,5a:e1:b6:56:74:f3,6e:95:15:c9:34:ac,,,,,output:1,75,19260
s2,35.185,1732,131416,6e:95:15:c9:34:ac,5a:e1:b6:56:74:f3,,,,,output:2,105,7965
s2,35.183,1243,318778,5a:e1:b6:56:74:f3,6e:95:15:c9:34:ac,,,,,output:5,75,19260
s1,36.595,1837,139381,6e:95:15:c9:34:ac,5a:e1:b6:56:74:f3,,,,,output:4,140,10620
s1,36.590,1318,338038,5a:e1:b6:56:74:f3,6e:95:15:c9:34:ac,,,,,output:1,100,25680
s2,36.775,1837,139381,6e:95:15:c9:34:ac,5a:e1:b6:56:74:f3,,,,,output:2,105,7965
s2,36.773,1318,338038,5a:e1:b6:56:74:f3,6e:95:15:c9:34:ac,,,,,output:5,75,19260
s1,38.124,1942,147346,6e:95:15:c9:34:ac,5a:e1:b6:56:74:f3,,,,,output:4,105,7965
s1,38.119,1393,357298,5a:e1:b6:56:74:f3,6e:95:15:c9:34:ac,,,,,output:1,75,19260
s2,38.307,1942,147346,6e:95:15:c9:34:ac,5a:e1:b6:56:74:f3,,,,,output:2,105,7965
s2,38.305,1393,357298,5a:e1:b6:56:74:f3,6e:95:15:c9:34:ac,,,,,output:5,75,19260
s1,39.638,2046,155245,6e:95:15:c9:34:ac,5a:e1:b6:56:74:f3,,,,,output:4,104,7899
s1,39.633,1469,376624,5a:e1:b6:56:74:f3,6e:95:15:c9:34:ac,,,,,output:1,76,19326
s2,39.818,2046,155245,6e:95:15:c9:34:ac,5a:e1:b6:56:74:f3,,,,,output:2,104,7899
s2,39.816,1469,376624,5a:e1:b6:56:74:f3,6e:95:15:c9:34:ac,,,,,output:5,76,19326
s1,41.150,2151,163210,6e:95:15:c9:34:ac,5a:e1:b6:56:74:f3,,,,,output:4,105,7965
s1,41.145,1544,395884,5a:e1:b6:56:74:f3,6e:95:15:c9:34:ac,,,,,output:1,75,19260
s2,41.331,2151,163210,6e:95:15:c9:34:ac,5a:e1:b6:56:74:f3,,,,,output:2,105,7965
s2,41.329,1544,395884,5a:e1:b6:56:74:f3,6e:95:15:c9:34:ac,,,,,output:5,75,19260
s1,42.700,2256,171175,6e:95:15:c9:34:ac,5a:e1:b6:56:74:f3,,,,,output:4,105,7965
s1,42.695,1619,415144,5a:e1:b6:56:74:f3,6e:95:15:c9:34:ac,,,,,output:1,75,19260
s2,42.879,2256,171175,6e:95:15:c9:34:ac,5a:e1:b6:56:74:f3,,,,,output:2,105,7965
s2,42.877,1619,415144,5a:e1:b6:56:74:f3,6e:95:15:c9:34:ac,,,,,output:5,75,19260
s1,44.219,2361,179140,6e:95:15:c9:34:ac,5a:e1:b6:56:74:f3,,,,,output:4,105,7965
s1,44.214,1694,434404,5a:e1:b6:56:74:f3,6e:95:15:c9:34:ac,,,,,output:1,75,19260
s2,44.397,2361,179140,6e:95:15:c9:34:ac,5a:e1:b6:56:74:f3,,,,,output:2,105,7965
s2,44.395,1694,434404,5a:e1:b6:56:74:f3,6e:95:15:c9:34:ac,,,,,output:5,75,19260
s1,45.722,2466,187105,6e:95:15:c9:34:ac,5a:e1:b6:56:74:f3,,,,,output:4,105,7965
s1,45.717,1769,453664,5a:e1:b6:56:74:f3,6e:95:15:c9:34:ac,,,,,output:1,75,19260
s2,45.892,2466,187105,6e:95:15:c9:34:ac,5a:e1:b6:56:74:f3,,,,,output:2,105,7965
s2,45.890,1769,453664,5a:e1:b6:56:74:f3,6e:95:15:c9:34:ac,,,,,output:5,75,19260
s1,47.233,2571,195070,6e:95:15:c9:34:ac,5a:e1:b6:56:74:f3,,,,,output:4,105,7965
s1,47.228,1844,472924,5a:e1:b6:56:74:f3,6e:95:15:c9:34:ac,,,,,output:1,75,19260
s2,47.418,2571,195070,6e:95:15:c9:34:ac,5a:e1:b6:56:74:f3,,,,,output:2,105,7965
s2,47.416,1844,472924,5a:e1:b6:56:74:f3,6e:95:15:c9:34:ac,,,,,output:5,75,19260
s1,48.760,2676,203035,6e:95:15:c9:34:ac,5a:e1:b6:56:74:f3,,,,,output:4,105,7965
s1,48.755,1919,492184,5a:e1:b6:56:74:f3,6e:95:15:c9:34:ac,,,,,output:1,75,19260
s2,49.008,2711,205690,6e:95:15:c9:34:ac,5a:e1:b6:56:74:f3,,,,,output:2,140,10620
s2,49.006,1944,498604,5a:e1:b6:56:74:f3,6e:95:15:c9:34:ac,,,,,output:5,100,25680
s1,50.387,2781,211000,6e:95:15:c9:34:ac,5a:e1:b6:56:74:f3,,,,,output:4,105,7965
s1,50.382,1994,511444,5a:e1:b6:56:74:f3,6e:95:15:c9:34:ac,,,,,output:1,75,19260
s2,50.570,2816,213655,6e:95:15:c9:34:ac,5a:e1:b6:56:74:f3,,,,,output:2,105,7965
s2,50.568,2019,517864,5a:e1:b6:56:74:f3,6e:95:15:c9:34:ac,,,,,output:5,75,19260
s1,51.882,2886,218965,6e:95:15:c9:34:ac,5a:e1:b6:56:74:f3,,,,,output:4,105,7965
s1,51.877,2069,530704,5a:e1:b6:56:74:f3,6e:95:15:c9:34:ac,,,,,output:1,75,19260
s2,52.094,2921,221620,6e:95:15:c9:34:ac,5a:e1:b6:56:74:f3,,,,,output:2,105,7965
s2,52.092,2094,537124,5a:e1:b6:56:74:f3,6e:95:15:c9:34:ac,,,,,output:5,75,19260
s1,53.462,2991,226930,6e:95:15:c9:34:ac,5a:e1:b6:56:74:f3,,,,,output:4,105,7965
s1,53.457,2144,549964,5a:e1:b6:56:74:f3,6e:95:15:c9:34:ac,,,,,output:1,75,19260
s2,53.692,3026,229585,6e:95:15:c9:34:ac,5a:e1:b6:56:74:f3,,,,,output:2,105,7965
s2,53.690,2169,556384,5a:e1:b6:56:74:f3,6e:95:15:c9:34:ac,,,,,output:5,75,19260
s1,55.138,3130,237484,6e:95:15:c9:34:ac,5a:e1:b6:56:74:f3,,,,,output:4,139,10554
s1,55.133,2245,575710,5a:e1:b6:56:74:f3,6e:95:15:c9:34:ac,,,,,output:1,101,25746
s2,55.301,3130,237484,6e:95:15:c9:34:ac,5a:e1:b6:56:74:f3,,,,,output:2,104,7899
s2,55.299,2245,575710,5a:e1:b6:56:74:f3,6e:95:15:c9:34:ac,,,,,output:5,76,19326
s1,56.617,3235,245449,6e:95:15:c9:34:ac,5a:e1:b6:56:74:f3,,,,,output:4,105,7965
s1,56.612,2320,594970,5a:e1:b6:56:74:f3,6e:95:15:c9:34:ac,,,,,output:1,75,19260
s2,56.793,3235,245449,6e:95:15:c9:34:ac,5a:e1:b6:56:74:f3,,,,,output:2,105,7965
s2,56.791,2320,594970,5a:e1:b6:56:74:f3,6e:95:15:c9:34:ac,,,,,output:5,75,19260
s1,58.111,3340,253414,6e:95:15:c9:34:ac,5a:e1:b6:56:74:f3,,,,,output:4,105,7965
s1,58.106,2395,614230,5a:e1:b6:56:74:f3,6e:95:15:c9:34:ac,,,,,output:1,75,19260
s2,58.276,3340,253414,6e:95:15:c9:34:ac,5a:e1:b6:56:74:f3,,,,,output:2,105,7965
s2,58.274,2395,614230,5a:e1:b6:56:74:f3,6e:95:15:c9:34:ac,,,,,output:5,75,19260
s1,59.589,3445,261379,6e:95:15:c9:34:ac,5a:e1:b6:56:74:f3,,,,,output:4,105,7965
s1,59.584,2470,633490,5a:e1:b6:56:74:f3,6e:95:15:c9:34:ac,,,,,output:1,75,19260
s2,59.762,3445,261379,6e:95:15:c9:34:ac,5a:e1:b6:56:74:f3,,,,,output:2,105,7965
s2,59.760,2470,633490,5a:e1:b6:56:74:f3,6e:95:15:c9:34:ac,,,,,output:5,75,19260
s1,61.149,3549,269278,6e:95:15:c9:34:ac,5a:e1:b6:56:74:f3,,,,,output:4,104,7899
s1,61.144,2546,652816,5a:e1:b6:56:74:f3,6e:95:15:c9:34:ac,,,,,output:1,76,19326
s2,61.323,3549,269278,6e:95:15:c9:34:ac,5a:e1:b6:56:74:f3,,,,,output:2,104,7899
s2,61.321,2546,652816,5a:e1:b6:56:74:f3,6e:95:15:c9:34:ac,,,,,output:5,76,19326
s1,62.685,3640,276181,6e:95:15:c9:34:ac,5a:e1:b6:56:74:f3,,,,,output:4,91,6903
s1,62.680,2611,669508,5a:e1:b6:56:74:f3,6e:95:15:c9:34:ac,,,,,output:1,65,16692
s2,62.897,3640,276181,6e:95:15:c9:34:ac,5a:e1:b6:56:74:f3,,,,,output:2,91,6903
s2,62.895,2611,669508,5a:e1:b6:56:74:f3,6e:95:15:c9:34:ac,,,,,output:5,65,16692
s1,64.258,3640,276181,6e:95:15:c9:34:ac,5a:e1:b6:56:74:f3,,,,,output:4,0,0
s1,64.253,2611,669508,5a:e1:b6:56:74:f3,6e:95:15:c9:34:ac,,,,,output:1,0,0
s2,64.463,3640,276181,6e:95:15:c9:34:ac,5a:e1:b6:56:74:f3,,,,,output:2,0,0
s2,64.461,2611,669508,5a:e1:b6:56:74:f3,6e:95:15:c9:34:ac,,,,,output:5,0,0
s1,65.814,3640,276181,6e:95:15:c9:34:ac,5a:e1:b6:56:74:f3,,,,,output:4,0,0
s1,65.809,2611,669508,5a:e1:b6:56:74:f3,6e:95:15:c9:34:ac,,,,,output:1,0,0
s2,66.014,3640,276181,6e:95:15:c9:34:ac,5a:e1:b6:56:74:f3,,,,,output:2,0,0
s2,66.012,2611,669508,5a:e1:b6:56:74:f3,6e:95:15:c9:34:ac,,,,,output:5,0,0
s1,67.369,3640,276181,6e:95:15:c9:34:ac,5a:e1:b6:56:74:f3,,,,,output:4,0,0
s1,67.364,2611,669508,5a:e1:b6:56:74:f3,6e:95:15:c9:34:ac,,,,,output:1,0,0
s2,67.578,3640,276181,6e:95:15:c9:34:ac,5a:e1:b6:56:74:f3,,,,,output:2,0,0
s2,67.576,2611,669508,5a:e1:b6:56:74:f3,6e:95:15:c9:34:ac,,,,,output:5,0,0
s1,68.933,3640,276181,6e:95:15:c9:34:ac,5a:e1:b6:56:74:f3,,,,,output:4,0,0
s1,68.928,2611,669508,5a:e1:b6:56:74:f3,6e:95:15:c9:34:ac,,,,,output:1,0,0
s2,69.126,3640,276181,6e:95:15:c9:34:ac,5a:e1:b6:56:74:f3,,,,,output:2,0,0
s2,69.124,2611,669508,5a:e1:b6:56:74:f3,6e:95:15:c9:34:ac,,,,,output:5,0,0
s1,70.463,3640,276181,6e:95:15:c9:34:ac,5a:e1:b6:56:74:f3,,,,,output:4,0,0
s1,70.458,2611,669508,5a:e1:b6:56:74:f3,6e:95:15:c9:34:ac,,,,,output:1,0,0
s2,70.665,3640,276181,6e:95:15:c9:34:ac,5a:e1:b6:56:74:f3,,,,,output:2,0,0
s2,70.663,2611,669508,5a:e1:b6:56:74:f3,6e:95:15:c9:34:ac,,,,,output:5,0,0
s1,72.022,3640,276181,6e:95:15:c9:34:ac,5a:e1:b6:56:74:f3,,,,,output:4,0,0
s1,72.017,2611,669508,5a:e1:b6:56:74:f3,6e:95:15:c9:34:ac,,,,,output:1,0,0
s2,72.243,3640,276181,6e:95:15:c9:34:ac,5a:e1:b6:56:74:f3,,,,,output:2,0,0
s2,72.241,2611,669508,5a:e1:b6:56:74:f3,6e:95:15:c9:34:ac,,,,,output:5,0,0
s1,73.613,3640,276181,6e:95:15:c9:34:ac,5a:e1:b6:56:74:f3,,,,,output:4,0,0
s1,73.608,2611,669508,5a:e1:b6:56:74:f3,6e:95:15:c9:34:ac,,,,,output:1,0,0
s1,75.096,3640,276181,6e:95:15:c9:34:ac,5a:e1:b6:56:74:f3,,,,,output:4,0,0
s1,75.091,2611,669508,5a:e1:b6:56:74:f3,6e:95:15:c9:34:ac,,,,,output:1,0,0
s1,76.585,3640,276181,6e:95:15:c9:34:ac,5a:e1:b6:56:74:f3,,,,,output:4,0,0
s1,76.580,2611,669508,5a:e1:b6:56:74:f3,6e:95:15:c9:34:ac,,,,,output:1,0,0
s1,0.333,5,391,5a:e1:b6:56:74:f3,6e:95:15:c9:34:ac,,,,,output:1,0,0
s1,0.330,4,1210,6e:95:15:c9:34:ac,5a:e1:b6:56:74:f3,,,,,output:4,0,0
s2,0.516,40,3046,5a:e1:b6:56:74:f3,6e:95:15:c9:34:ac,,,,,output:5,0,0
s2,0.510,29,7630,6e:95:15:c9:34:ac,5a:e1:b6:56:74:f3,,,,,output:2,0,0
s1,1.812,109,8290,5a:e1:b6:56:74:f3,6e:95:15:c9:34:ac,,,,,output:1,104,7899
s1,1.809,80,20536,6e:95:15:c9:34:ac,5a:e1:b6:56:74:f3,,,,,output:4,76,19326
s2,2.010,109,8290,5a:e1:b6:56:74:f3,6e:95:15:c9:34:ac,,,,,output:5,69,5244
s2,2.004,80,20536,6e:95:15:c9:34:ac,5a:e1:b6:56:74:f3,,,,,output:2,51,12906
s1,3.432,214,16255,5a:e1:b6:56:74:f3,6e:95:15:c9:34:ac,,,,,output:1,105,7965
s1,3.429,155,39796,6e:95:15:c9:34:ac,5a:e1:b6:56:74:f3,,,,,output:4,75,19260
s2,3.651,249,18910,5a:e1:b6:56:74:f3,6e:95:15:c9:34:ac,,,,,output:5,140,10620
s2,3.645,180,46216,6e:95:15:c9:34:ac,5a:e1:b6:56:74:f3,,,,,output:2,100,25680
s1,5.036,354,26875,5a:e1:b6:56:74:f3,6e:95:15:c9:34:ac,,,,,output:1,140,10620
s1,5.033,255,65476,6e:95:15:c9:34:ac,5a:e1:b6:56:74:f3,,,,,output:4,100,25680
s2,5.210,354,26875,5a:e1:b6:56:74:f3,6e:95:15:c9:34:ac,,,,,output:5,105,7965
s2,5.204,255,65476,6e:95:15:c9:34:ac,5a:e1:b6:56:74:f3,,,,,output:2,75,19260
s1,6.561,459,34840,5a:e1:b6:56:74:f3,6e:95:15:c9:34:ac,,,,,output:1,105,7965
s1,6.558,330,84736,6e:95:15:c9:34:ac,5a:e1:b6:56:74:f3,,,,,output:4,75,19260
s2,6.747,459,34840,5a:e1:b6:56:74:f3,6e:95:15:c9:34:ac,,,,,output:5,105,7965
s2,6.741,330,84736,6e:95:15:c9:34:ac,5a:e1:b6:56:74:f3,,,,,output:2,75,19260
s1,8.057,564,42805,5a:e1:b6:56:74:f3,6e:95:15:c9:34:ac,,,,,output:1,105,7965
s1,8.054,405,103996,6e:95:15:c9:34:ac,5a:e1:b6:56:74:f3,,,,,output:4,75,19260
s2,8.251,564,42805,5a:e1:b6:56:74:f3,6e:95:15:c9:34:ac,,,,,output:5,105,7965
s2,8.245,405,103996,6e:95:15:c9:34:ac,5a:e1:b6:56:74:f3,,,,,output:2,75,19260
s1,9.599,669,50770,5a:e1:b6:56:74:f3,6e:95:15:c9:34:ac,,,,,output:1,105,7965
s1,9.596,480,123256,6e:95:15:c9:34:ac,5a:e1:b6:56:74:f3,,,,,output:4,75,19260
s2,9.790,669,50770,5a:e1:b6:56:74:f3,6e:95:15:c9:34:ac,,,,,output:5,105,7965
s2,9.784,480,123256,6e:95:15:c9:34:ac,5a:e1:b6:56:74:f3,,,,,output:2,75,19260
s1,11.228,774,58735,5a:e1:b6:56:74:f3,6e:95:15:c9:34:ac,,,,,output:1,105,7965
s1,11.225,555,142516,6e:95:15:c9:34:ac,5a:e1:b6:56:74:f3,,,,,output:4,75,19260
s2,11.429,774,58735,5a:e1:b6:56:74:f3,6e:95:15:c9:34:ac,,,,,output:5,105,7965
s2,11.423,555,142516,6e:95:15:c9:34:ac,5a:e1:b6:56:74:f3,,,,,output:2,75,19260
s1,12.777,879,66700,5a:e1:b6:56:74:f3,6e:95:15:c9:34:ac,,,,,output:1,105,7965
s1,12.774,630,161776,6e:95:15:c9:34:ac,5a:e1:b6:56:74:f3,,,,,output:4,75,19260
s2,12.955,879,66700,5a:e1:b6:56:74:f3,6e:95:15:c9:34:ac,,,,,output:5,105,7965
s2,12.949,630,161776,6e:95:15:c9:34:ac,5a:e1:b6:56:74:f3,,,,,output:2,75,19260
s1,14.267,984,74665,5a:e1:b6:56:74:f3,6e:95:15:c9:34:ac,,,,,output:1,105,7965
s1,14.264,705,181036,6e:95:15:c9:34:ac,5a:e1:b6:56:74:f3,,,,,output:4,75,19260
s2,14.487,984,74665,5a:e1:b6:56:74:f3,6e:95:15:c9:34:ac,,,,,output:5,105,7965
s2,14.481,705,181036,6e:95:15:c9:34:ac,5a:e1:b6:56:74:f3,,,,,output:2,75,19260
s1,15.915,1089,82630,5a:e1:b6:56:74:f3,6e:95:15:c9:34:ac,,,,,output:1,105,7965
s1,15.912,780,200296,6e:95:15:c9:34:ac,5a:e1:b6:56:74:f3,,,,,output:4,75,19260
s2,16.110,1124,85285,5a:e1:b6:56:74:f3,6e:95:15:c9:34:ac,,,,,output:5,140,10620
s2,16.104,805,206716,6e:95:15:c9:34:ac,5a:e1:b6:56:74:f3,,,,,output:2,100,25680
s1,17.434,1194,90595,5a:e1:b6:56:74:f3,6e:95:15:c9:34:ac,,,,,output:1,105,7965
s1,17.431,855,219556,6e:95:15:c9:34:ac,5a:e1:b6:56:74:f3,,,,,output:4,75,19260
s2,17.639,1229,93250,5a:e1:b6:56:74:f3,6e:95:15:c9:34:ac,,,,,output:5,105,7965
s2,17.633,880,225976,6e:95:15:c9:34:ac,5a:e1:b6:56:74:f3,,,,,output:2,75,19260
s1,18.990,1229,93250,5a:e1:b6:56:74:f3,6e:95:15:c9:34:ac,,,,,output:1,35,2655
s1,18.987,880,225976,6e:95:15:c9:34:ac,5a:e1:b6:56:74:f3,,,,,output:4,25,6420
s2,19.216,1229,93250,5a:e1:b6:56:74:f3,6e:95:15:c9:34:ac,,,,,output:5,0,0
s2,19.210,880,225976,6e:95:15:c9:34:ac,5a:e1:b6:56:74:f3,,,,,output:2,0,0
s1,20.594,1229,93250,5a:e1:b6:56:74:f3,6e:95:15:c9:34:ac,,,,,output:1,0,0
s1,20.591,880,225976,6e:95:15:c9:34:ac,5a:e1:b6:56:74:f3,,,,,output:4,0,0
s2,20.813,1229,93250,5a:e1:b6:56:74:f3,6e:95:15:c9:34:ac,,,,,output:5,0,0
s2,20.807,880,225976,6e:95:15:c9:34:ac,5a:e1:b6:56:74:f3,,,,,output:2,0,0
s1,22.245,1229,93250,5a:e1:b6:56:74:f3,6e:95:15:c9:34:ac,,,,,output:1,0,0
s1,22.242,880,225976,6e:95:15:c9:34:ac,5a:e1:b6:56:74:f3,,,,,output:4,0,0
s2,22.464,1229,93250,5a:e1:b6:56:74:f3,6e:95:15:c9:34:ac,,,,,output:5,0,0
s2,22.458,880,225976,6e:95:15:c9:34:ac,5a:e1:b6:56:74:f3,,,,,output:2,0,0
s1,23.817,1229,93250,5a:e1:b6:56:74:f3,6e:95:15:c9:34:ac,,,,,output:1,0,0
s1,23.814,880,225976,6e:95:15:c9:34:ac,5a:e1:b6:56:74:f3,,,,,output:4,0,0
s2,24.030,1229,93250,5a:e1:b6:56:74:f3,6e:95:15:c9:34:ac,,,,,output:5,0,0
s2,24.024,880,225976,6e:95:15:c9:34:ac,5a:e1:b6:56:74:f3,,,,,output:2,0,0
s1,25.386,1229,93250,5a:e1:b6:56:74:f3,6e:95:15:c9:34:ac,,,,,output:1,0,0
s1,25.383,880,225976,6e:95:15:c9:34:ac,5a:e1:b6:56:74:f3,,,,,output:4,0,0
s2,25.594,1229,93250,5a:e1:b6:56:74:f3,6e:95:15:c9:34:ac,,,,,output:5,0,0
s2,25.588,880,225976,6e:95:15:c9:34:ac,5a:e1:b6:56:74:f3,,,,,output:2,0,0
s1,26.970,1229,93250,5a:e1:b6:56:74:f3,6e:95:15:c9:34:ac,,,,,output:1,0,0
s1,26.967,880,225976,6e:95:15:c9:34:ac,5a:e1:b6:56:74:f3,,,,,output:4,0,0
s2,27.186,1229,93250,5a:e1:b6:56:74:f3,6e:95:15:c9:34:ac,,,,,output:5,0,0
s2,27.180,880,225976,6e:95:15:c9:34:ac,5a:e1:b6:56:74:f3,,,,,output:2,0,0
s1,28.542,1229,93250,5a:e1:b6:56:74:f3,6e:95:15:c9:34:ac,,,,,output:1,0,0
s1,28.539,880,225976,6e:95:15:c9:34:ac,5a:e1:b6:56:74:f3,,,,,output:4,0,0
s2,28.725,1229,93250,5a:e1:b6:56:74:f3,6e:95:15:c9:34:ac,,,,,output:5,0,0
s2,28.719,880,225976,6e:95:15:c9:34:ac,5a:e1:b6:56:74:f3,,,,,output:2,0,0
s1,30.104,1229,93250,5a:e1:b6:56:74:f3,6e:95:15:c9:34:ac,,,,,output:1,0,0
s1,30.101,880,225976,6e:95:15:c9:34:ac,5a:e1:b6:56:74:f3,,,,,output:4,0,0
s2,30.318,1229,93250,5a:e1:b6:56:74:f3,6e:95:15:c9:34:ac,,,,,output:5,0,0
s2,30.312,880,225976,6e:95:15:c9:34:ac,5a:e1:b6:56:74:f3,,,,,output:2,0,0
s1,31.668,1229,93250,5a:e1:b6:56:74:f3,6e:95:15:c9:34:ac,,,,,output:1,0,0
s1,31.665,880,225976,6e:95:15:c9:34:ac,5a:e1:b6:56:74:f3,,,,,output:4,0,0
s2,31.895,1229,93250,5a:e1:b6:56:74:f3,6e:95:15:c9:34:ac,,,,,output:5,0,0
s2,31.889,880,225976,6e:95:15:c9:34:ac,5a:e1:b6:56:74:f3,,,,,output:2,0,0
s1,33.292,1229,93250,5a:e1:b6:56:74:f3,6e:95:15:c9:34:ac,,,,,output:1,0,0
s1,33.289,880,225976,6e:95:15:c9:34:ac,5a:e1:b6:56:74:f3,,,,,output:4,0,0
s2,33.577,1229,93250,5a:e1:b6:56:74:f3,6e:95:15:c9:34:ac,,,,,output:5,0,0
s2,33.571,880,225976,6e:95:15:c9:34:ac,5a:e1:b6:56:74:f3,,,,,output:2,0,0
s1,0.502,5,391,72:d4:35:9d:b7:6c,6e:95:15:c9:34:ac,,,,,output:1,0,0
s1,0.499,5,1276,6e:95:15:c9:34:ac,72:d4:35:9d:b7:6c,,,,,output:4,0,0
s2,0.677,40,3046,72:d4:35:9d:b7:6c,6e:95:15:c9:34:ac,,,,,output:5,0,400
s2,0.670,30,7696,6e:95:15:c9:34:ac,72:d4:35:9d:b7:6c,,,,,output:3,0,4070
s1,1.969,110,8356,72:d4:35:9d:b7:6c,6e:95:15:c9:34:ac,,,,,output:1,105,7965
s1,1.966,80,20536,6e:95:15:c9:34:ac,72:d4:35:9d:b7:6c,,,,,output:4,75,19260
s2,2.194,145,11011,72:d4:35:9d:b7:6c,6e:95:15:c9:34:ac,,,,,output:5,105,7965
s2,2.187,105,26956,6e:95:15:c9:34:ac,72:d4:35:9d:b7:6c,,,,,output:3,75,19260
s1,3.554,250,18976,72:d4:35:9d:b7:6c,6e:95:15:c9:34:ac,,,,,output:1,140,10620
s1,3.551,180,46216,6e:95:15:c9:34:ac,72:d4:35:9d:b7:6c,,,,,output:4,100,25680
s2,3.773,250,18976,72:d4:35:9d:b7:6c,6e:95:15:c9:34:ac,,,,,output:5,105,7965
s2,3.766,180,46216,6e:95:15:c9:34:ac,72:d4:35:9d:b7:6c,,,,,output:3,75,19260
s1,5.169,355,26941,72:d4:35:9d:b7:6c,6e:95:15:c9:34:ac,,,,,output:1,105,7965
s1,5.166,255,65476,6e:95:15:c9:34:ac,72:d4:35:9d:b7:6c,,,,,output:4,75,19260
s2,5.357,355,26941,72:d4:35:9d:b7:6c,6e:95:15:c9:34:ac,,,,,output:5,105,7965
s2,5.350,255,65476,6e:95:15:c9:34:ac,72:d4:35:9d:b7:6c,,,,,output:3,75,19260
s1,6.663,460,34906,72:d4:35:9d:b7:6c,6e:95:15:c9:34:ac,,,,,output:1,105,7965
s1,6.660,331,84802,6e:95:15:c9:34:ac,72:d4:35:9d:b7:6c,,,,,output:4,76,19326
s2,6.841,460,34906,72:d4:35:9d:b7:6c,6e:95:15:c9:34:ac,,,,,output:5,105,7965
s2,6.834,331,84802,6e:95:15:c9:34:ac,72:d4:35:9d:b7:6c,,,,,output:3,76,19326
s1,8.144,565,42871,72:d4:35:9d:b7:6c,6e:95:15:c9:34:ac,,,,,output:1,105,7965
s1,8.141,406,104062,6e:95:15:c9:34:ac,72:d4:35:9d:b7:6c,,,,,output:4,75,19260
s2,8.331,565,42871,72:d4:35:9d:b7:6c,6e:95:15:c9:34:ac,,,,,output:5,105,7965
s2,8.324,406,104062,6e:95:15:c9:34:ac,72:d4:35:9d:b7:6c,,,,,output:3,75,19260
s1,9.642,670,50836,72:d4:35:9d:b7:6c,6e:95:15:c9:34:ac,,,,,output:1,105,7965
s1,9.639,481,123322,6e:95:15:c9:34:ac,72:d4:35:9d:b7:6c,,,,,output:4,75,19260
s2,9.839,670,50836,72:d4:35:9d:b7:6c,6e:95:15:c9:34:ac,,,,,output:5,105,7965
s2,9.832,481,123322,6e:95:15:c9:34:ac,72:d4:35:9d:b7:6c,,,,,output:3,75,19260
s1,11.171,775,58801,72:d4:35:9d:b7:6c,6e:95:15:c9:34:ac,,,,,output:1,105,7965
s1,11.168,556,142582,6e:95:15:c9:34:ac,72:d4:35:9d:b7:6c,,,,,output:4,75,19260
s2,11.365,775,58801,72:d4:35:9d:b7:6c,6e:95:15:c9:34:ac,,,,,output:5,105,7965
s2,11.358,556,142582,6e:95:15:c9:34:ac,72:d4:35:9d:b7:6c,,,,,output:3,75,19260
s1,12.743,880,66766,72:d4:35:9d:b7:6c,6e:95:15:c9:34:ac,,,,,output:1,105,7965
s1,12.740,631,161842,6e:95:15:c9:34:ac,72:d4:35:9d:b7:6c,,,,,output:4,75,19260
s2,12.942,880,66766,72:d4:35:9d:b7:6c,6e:95:15:c9:34:ac,,,,,output:5,105,7965
s2,12.935,631,161842,6e:95:15:c9:34:ac,72:d4:35:9d:b7:6c,,,,,output:3,75,19260
s1,14.282,985,74731,72:d4:35:9d:b7:6c,6e:95:15:c9:34:ac,,,,,output:1,105,7965
s1,14.279,706,181102,6e:95:15:c9:34:ac,72:d4:35:9d:b7:6c,,,,,output:4,75,19260
s2,14.473,985,74731,72:d4:35:9d:b7:6c,6e:95:15:c9:34:ac,,,,,output:5,105,7965
s2,14.466,706,181102,6e:95:15:c9:34:ac,72:d4:35:9d:b7:6c,,,,,output:3,75,19260
s1,15.814,1090,82696,72:d4:35:9d:b7:6c,6e:95:15:c9:34:ac,,,,,output:1,105,7965
s1,15.811,781,200362,6e:95:15:c9:34:ac,72:d4:35:9d:b7:6c,,,,,output:4,75,19260
s2,16.039,1090,82696,72:d4:35:9d:b7:6c,6e:95:15:c9:34:ac,,,,,output:5,105,7965
s2,16.032,781,200362,6e:95:15:c9:34:ac,72:d4:35:9d:b7:6c,,,,,output:3,75,19260
s1,17.393,1195,90661,72:d4:35:9d:b7:6c,6e:95:15:c9:34:ac,,,,,output:1,105,7965
s1,17.390,856,219622,6e:95:15:c9:34:ac,72:d4:35:9d:b7:6c,,,,,output:4,75,19260
s2,17.643,1230,93316,72:d4:35:9d:b7:6c,6e:95:15:c9:34:ac,,,,,output:5,140,10620
s2,17.636,881,226042,6e:95:15:c9:34:ac,72:d4:35:9d:b7:6c,,,,,output:3,100,25680
s1,19.102,1335,101281,72:d4:35:9d:b7:6c,6e:95:15:c9:34:ac,,,,,output:1,140,10620
s1,19.099,956,245302,6e:95:15:c9:34:ac,72:d4:35:9d:b7:6c,,,,,output:4,100,25680
s2,19.299,1335,101281,72:d4:35:9d:b7:6c,6e:95:15:c9:34:ac,,,,,output:5,105,7965
s2,19.292,956,245302,6e:95:15:c9:34:ac,72:d4:35:9d:b7:6c,,,,,output:3,75,19260
s1,20.687,1440,109246,72:d4:35:9d:b7:6c,6e:95:15:c9:34:ac,,,,,output:1,105,7965
s1,20.684,1031,264562,6e:95:15:c9:34:ac,72:d4:35:9d:b7:6c,,,,,output:4,75,19260
s2,20.884,1440,109246,72:d4:35:9d:b7:6c,6e:95:15:c9:34:ac,,,,,output:5,105,7965
s2,20.877,1031,264562,6e:95:15:c9:34:ac,72:d4:35:9d:b7:6c,,,,,output:3,75,19260
s1,22.231,1545,117211,72:d4:35:9d:b7:6c,6e:95:15:c9:34:ac,,,,,output:1,105,7965
s1,22.228,1106,283822,6e:95:15:c9:34:ac,72:d4:35:9d:b7:6c,,,,,output:4,75,19260
s2,22.407,1545,117211,72:d4:35:9d:b7:6c,6e:95:15:c9:34:ac,,,,,output:5,105,7965
s2,22.400,1106,283822,6e:95:15:c9:34:ac,72:d4:35:9d:b7:6c,,,,,output:3,75,19260
s1,23.717,1650,125176,72:d4:35:9d:b7:6c,6e:95:15:c9:34:ac,,,,,output:1,105,7965
s1,23.714,1181,303082,6e:95:15:c9:34:ac,72:d4:35:9d:b7:6c,,,,,output:4,75,19260
s2,23.962,1650,125176,72:d4:35:9d:b7:6c,6e:95:15:c9:34:ac,,,,,output:5,105,7965
s2,23.955,1181,303082,6e:95:15:c9:34:ac,72:d4:35:9d:b7:6c,,,,,output:3,75,19260
s1,25.303,1755,133141,72:d4:35:9d:b7:6c,6e:95:15:c9:34:ac,,,,,output:1,105,7965
s1,25.300,1256,322342,6e:95:15:c9:34:ac,72:d4:35:9d:b7:6c,,,,,output:4,75,19260
s2,25.546,1755,133141,72:d4:35:9d:b7:6c,6e:95:15:c9:34:ac,,,,,output:5,105,7965
s2,25.539,1256,322342,6e:95:15:c9:34:ac,72:d4:35:9d:b7:6c,,,,,output:3,75,19260
s1,26.907,1860,141106,72:d4:35:9d:b7:6c,6e:95:15:c9:34:ac,,,,,output:1,105,7965
s1,26.904,1331,341602,6e:95:15:c9:34:ac,72:d4:35:9d:b7:6c,,,,,output:4,75,19260
s2,27.106,1895,143761,72:d4:35:9d:b7:6c,6e:95:15:c9:34:ac,,,,,output:5,140,10620
s2,27.099,1356,348022,6e:95:15:c9:34:ac,72:d4:35:9d:b7:6c,,,,,output:3,100,25680
s1,28.433,1965,149071,72:d4:35:9d:b7:6c,6e:95:15:c9:34:ac,,,,,output:1,105,7965
s1,28.430,1406,360862,6e:95:15:c9:34:ac,72:d4:35:9d:b7:6c,,,,,output:4,75,19260
s2,28.641,2000,151726,72:d4:35:9d:b7:6c,6e:95:15:c9:34:ac,,,,,output:5,105,7965
s2,28.634,1431,367282,6e:95:15:c9:34:ac,72:d4:35:9d:b7:6c,,,,,output:3,75,19260
s1,29.986,2070,157036,72:d4:35:9d:b7:6c,6e:95:15:c9:34:ac,,,,,output:1,105,7965
s1,29.983,1481,380122,6e:95:15:c9:34:ac,72:d4:35:9d:b7:6c,,,,,output:4,75,19260
s2,30.190,2105,159691,72:d4:35:9d:b7:6c,6e:95:15:c9:34:ac,,,,,output:5,105,7965
s2,30.183,1506,386542,6e:95:15:c9:34:ac,72:d4:35:9d:b7:6c,,,,,output:3,75,19260
s1,31.516,2175,165001,72:d4:35:9d:b7:6c,6e:95:15:c9:34:ac,,,,,output:1,105,7965
s1,31.513,1556,399382,6e:95:15:c9:34:ac,72:d4:35:9d:b7:6c,,,,,output:4,75,19260
s2,31.707,2210,167656,72:d4:35:9d:b7:6c,6e:95:15:c9:34:ac,,,,,output:5,105,7965
s2,31.700,1581,405802,6e:95:15:c9:34:ac,72:d4:35:9d:b7:6c,,,,,output:3,75,19260
s1,33.039,2280,172966,72:d4:35:9d:b7:6c,6e:95:15:c9:34:ac,,,,,output:1,105,7965
s1,33.037,1631,418642,6e:95:15:c9:34:ac,72:d4:35:9d:b7:6c,,,,,output:4,75,19260
s2,33.285,2315,175621,72:d4:35:9d:b7:6c,6e:95:15:c9:34:ac,,,,,output:5,105,7965
s2,33.278,1656,425062,6e:95:15:c9:34:ac,72:d4:35:9d:b7:6c,,,,,output:3,75,19260
s1,34.615,2420,183586,72:d4:35:9d:b7:6c,6e:95:15:c9:34:ac,,,,,output:1,140,10620
s1,34.612,1731,444322,6e:95:15:c9:34:ac,72:d4:35:9d:b7:6c,,,,,output:4,100,25680
s2,34.835,2420,183586,72:d4:35:9d:b7:6c,6e:95:15:c9:34:ac,,,,,output:5,105,7965
s2,34.828,1731,444322,6e:95:15:c9:34:ac,72:d4:35:9d:b7:6c,,,,,output:3,75,19260
s1,36.171,2525,191551,72:d4:35:9d:b7:6c,6e:95:15:c9:34:ac,,,,,output:1,105,7965
s1,36.168,1806,463582,6e:95:15:c9:34:ac,72:d4:35:9d:b7:6c,,,,,output:4,75,19260
s2,36.352,2525,191551,72:d4:35:9d:b7:6c,6e:95:15:c9:34:ac,,,,,output:5,105,7965
s2,36.345,1806,463582,6e:95:15:c9:34:ac,72:d4:35:9d:b7:6c,,,,,output:3,75,19260
s1,37.689,2630,199516,72:d4:35:9d:b7:6c,6e:95:15:c9:34:ac,,,,,output:1,105,7965
s1,37.686,1881,482842,6e:95:15:c9:34:ac,72:d4:35:9d:b7:6c,,,,,output:4,75,19260
s2,37.910,2630,199516,72:d4:35:9d:b7:6c,6e:95:15:c9:34:ac,,,,,output:5,105,7965
s2,37.903,1881,482842,6e:95:15:c9:34:ac,72:d4:35:9d:b7:6c,,,,,output:3,75,19260
s1,39.281,2734,207415,72:d4:35:9d:b7:6c,6e:95:15:c9:34:ac,,,,,output:1,104,7899
s1,39.278,1957,502168,6e:95:15:c9:34:ac,72:d4:35:9d:b7:6c,,,,,output:4,76,19326
s2,39.488,2734,207415,72:d4:35:9d:b7:6c,6e:95:15:c9:34:ac,,,,,output:5,104,7899
s2,39.481,1957,502168,6e:95:15:c9:34:ac,72:d4:35:9d:b7:6c,,,,,output:3,76,19326
s1,40.880,2839,215380,72:d4:35:9d:b7:6c,6e:95:15:c9:34:ac,,,,,output:1,105,7965
s1,40.877,2032,521428,6e:95:15:c9:34:ac,72:d4:35:9d:b7:6c,,,,,output:4,75,19260
s2,41.097,2874,218035,72:d4:35:9d:b7:6c,6e:95:15:c9:34:ac,,,,,output:5,140,10620
s2,41.090,2057,527848,6e:95:15:c9:34:ac,72:d4:35:9d:b7:6c,,,,,output:3,100,25680
s1,42.422,2944,223345,72:d4:35:9d:b7:6c,6e:95:15:c9:34:ac,,,,,output:1,105,7965
s1,42.419,2107,540688,6e:95:15:c9:34:ac,72:d4:35:9d:b7:6c,,,,,output:4,75,19260
s2,42.643,2979,226000,72:d4:35:9d:b7:6c,6e:95:15:c9:34:ac,,,,,output:5,105,7965
s2,42.636,2132,547108,6e:95:15:c9:34:ac,72:d4:35:9d:b7:6c,,,,,output:3,75,19260
s1,44.003,3049,231310,72:d4:35:9d:b7:6c,6e:95:15:c9:34:ac,,,,,output:1,105,7965
s1,44,2182,559948,6e:95:15:c9:34:ac,72:d4:35:9d:b7:6c,,,,,output:4,75,19260
s2,44.284,3084,233965,72:d4:35:9d:b7:6c,6e:95:15:c9:34:ac,,,,,output:5,105,7965
s2,44.277,2207,566368,6e:95:15:c9:34:ac,72:d4:35:9d:b7:6c,,,,,output:3,75,19260
s1,45.678,3189,241930,72:d4:35:9d:b7:6c,6e:95:15:c9:34:ac,,,,,output:1,140,10620
s1,45.675,2282,585628,6e:95:15:c9:34:ac,72:d4:35:9d:b7:6c,,,,,output:4,100,25680
s2,45.886,3189,241930,72:d4:35:9d:b7:6c,6e:95:15:c9:34:ac,,,,,output:5,105,7965
s2,45.879,2282,585628,6e:95:15:c9:34:ac,72:d4:35:9d:b7:6c,,,,,output:3,75,19260
s1,47.270,3301,250426,72:d4:35:9d:b7:6c,6e:95:15:c9:34:ac,,,,,output:1,112,8496
s1,47.267,2364,606304,6e:95:15:c9:34:ac,72:d4:35:9d:b7:6c,,,,,output:4,82,20676
s2,47.444,3301,250426,72:d4:35:9d:b7:6c,6e:95:15:c9:34:ac,,,,,output:5,112,8496
s2,47.437,2364,606304,6e:95:15:c9:34:ac,72:d4:35:9d:b7:6c,,,,,output:3,82,20676
s1,48.782,3406,258391,72:d4:35:9d:b7:6c,6e:95:15:c9:34:ac,,,,,output:1,105,7965
s1,48.779,2439,625564,6e:95:15:c9:34:ac,72:d4:35:9d:b7:6c,,,,,output:4,75,19260
s2,48.971,3406,258391,72:d4:35:9d:b7:6c,6e:95:15:c9:34:ac,,,,,output:5,105,7965
s2,48.964,2439,625564,6e:95:15:c9:34:ac,72:d4:35:9d:b7:6c,,,,,output:3,75,19260
s1,50.295,3497,265294,72:d4:35:9d:b7:6c,6e:95:15:c9:34:ac,,,,,output:1,91,6903
s1,50.292,2505,642322,6e:95:15:c9:34:ac,72:d4:35:9d:b7:6c,,,,,output:4,66,16758
s2,50.496,3497,265294,72:d4:35:9d:b7:6c,6e:95:15:c9:34:ac,,,,,output:5,91,6903
s2,50.489,2505,642322,6e:95:15:c9:34:ac,72:d4:35:9d:b7:6c,,,,,output:3,66,16758
s1,51.841,3497,265294,72:d4:35:9d:b7:6c,6e:95:15:c9:34:ac,,,,,output:1,0,0
s1,51.838,2505,642322,6e:95:15:c9:34:ac,72:d4:35:9d:b7:6c,,,,,output:4,0,0
s2,52.073,3497,265294,72:d4:35:9d:b7:6c,6e:95:15:c9:34:ac,,,,,output:5,0,0
s2,52.066,2505,642322,6e:95:15:c9:34:ac,72:d4:35:9d:b7:6c,,,,,output:3,0,0
s1,53.519,3497,265294,72:d4:35:9d:b7:6c,6e:95:15:c9:34:ac,,,,,output:1,0,0
s1,53.516,2505,642322,6e:95:15:c9:34:ac,72:d4:35:9d:b7:6c,,,,,output:4,0,0
s2,53.772,3497,265294,72:d4:35:9d:b7:6c,6e:95:15:c9:34:ac,,,,,output:5,0,0
s2,53.765,2505,642322,6e:95:15:c9:34:ac,72:d4:35:9d:b7:6c,,,,,output:3,0,0
s1,55.187,3497,265294,72:d4:35:9d:b7:6c,6e:95:15:c9:34:ac,,,,,output:1,0,0
s1,55.184,2505,642322,6e:95:15:c9:34:ac,72:d4:35:9d:b7:6c,,,,,output:4,0,0
s2,55.384,3497,265294,72:d4:35:9d:b7:6c,6e:95:15:c9:34:ac,,,,,output:5,0,0
s2,55.377,2505,642322,6e:95:15:c9:34:ac,72:d4:35:9d:b7:6c,,,,,output:3,0,0
s1,56.760,3497,265294,72:d4:35:9d:b7:6c,6e:95:15:c9:34:ac,,,,,output:1,0,0
s1,56.757,2505,642322,6e:95:15:c9:34:ac,72:d4:35:9d:b7:6c,,,,,output:4,0,0
s2,56.990,3497,265294,72:d4:35:9d:b7:6c,6e:95:15:c9:34:ac,,,,,output:5,0,0
s2,56.983,2505,642322,6e:95:15:c9:34:ac,72:d4:35:9d:b7:6c,,,,,output:3,0,0
s1,58.348,3497,265294,72:d4:35:9d:b7:6c,6e:95:15:c9:34:ac,,,,,output:1,0,0
s1,58.345,2505,642322,6e:95:15:c9:34:ac,72:d4:35:9d:b7:6c,,,,,output:4,0,0
s2,58.592,3497,265294,72:d4:35:9d:b7:6c,6e:95:15:c9:34:ac,,,,,output:5,0,0
s2,58.585,2505,642322,6e:95:15:c9:34:ac,72:d4:35:9d:b7:6c,,,,,output:3,0,0
s1,60.035,3497,265294,72:d4:35:9d:b7:6c,6e:95:15:c9:34:ac,,,,,output:1,0,0
s1,60.032,2505,642322,6e:95:15:c9:34:ac,72:d4:35:9d:b7:6c,,,,,output:4,0,0
s2,60.289,3497,265294,72:d4:35:9d:b7:6c,6e:95:15:c9:34:ac,,,,,output:5,0,0
s2,60.282,2505,642322,6e:95:15:c9:34:ac,72:d4:35:9d:b7:6c,,,,,output:3,0,0
s1,61.633,3497,265294,72:d4:35:9d:b7:6c,6e:95:15:c9:34:ac,,,,,output:1,0,0
s1,61.630,2505,642322,6e:95:15:c9:34:ac,72:d4:35:9d:b7:6c,,,,,output:4,0,0
s2,61.840,3497,265294,72:d4:35:9d:b7:6c,6e:95:15:c9:34:ac,,,,,output:5,0,0
s2,61.833,2505,642322,6e:95:15:c9:34:ac,72:d4:35:9d:b7:6c,,,,,output:3,0,0
s2,63.384,3497,265294,72:d4:35:9d:b7:6c,6e:95:15:c9:34:ac,,,,,output:5,0,0
s2,63.377,2505,642322,6e:95:15:c9:34:ac,72:d4:35:9d:b7:6c,,,,,output:3,0,0
s2,64.880,3497,265294,72:d4:35:9d:b7:6c,6e:95:15:c9:34:ac,,,,,output:5,0,0
s2,64.873,2505,642322,6e:95:15:c9:34:ac,72:d4:35:9d:b7:6c,,,,,output:3,0,0
s2,66.373,3497,265294,72:d4:35:9d:b7:6c,6e:95:15:c9:34:ac,,,,,output:5,0,0
s2,66.366,2505,642322,6e:95:15:c9:34:ac,72:d4:35:9d:b7:6c,,,,,output:3,0,0
